huc12,year_month,dc_incqkflow_mm,dc_incbsflow_mm,dc_soilmstfr
030202030101,2013-01,17.4581403997072,11.1069562141217,0.979452000796749
030202030101,2013-02,40.9137090165695,21.3910293424166,0.98188232732712
030202030101,2013-03,13.286161091489,13.7452516432475,0.91212732125485
030202030101,2013-04,21.8898254088318,3.33684612410402,0.772850090599247
030202030101,2013-05,54.2846897957217,7.66801517490024,0.710017468206202
030202030101,2013-06,30.0156700489552,7.81296511573838,0.716380182277855
030202030101,2013-07,18.9550936874961,4.05762223761622,0.605517762268549
030202030101,2013-08,18.2810352478273,2.87286160068894,0.615439439273233
030202030101,2013-09,2.18379960362956,2.15012430936396,0.452398897991478
030202030101,2013-10,0.812610428010274,1.21058438407371,0.427391478227953
030202030101,2013-11,10.4320886365988,0.692780311161876,0.532947144701052
030202030101,2013-12,47.7324154362716,14.6336106355487,0.932327391966489
030202030101,2014-01,22.8566015159199,28.3516426337229,0.989961281074289
030202030101,2014-02,26.1299244682117,17.4432465140153,0.966620770748841
030202030101,2014-03,45.8302474243051,12.0372411519055,0.898276258423313
030202030101,2014-04,92.2784491369012,5.18132700165038,0.725064962968316
030202030101,2014-05,24.0291275916134,14.236075775768,0.714871806197732
030202030101,2014-06,5.70105309778701,3.52068492356384,0.45011090095965
030202030101,2014-07,3.82765375867881,1.73318946512187,0.413090742441657
030202030101,2014-08,10.6195922508129,1.92818233335096,0.51932001728886
030202030101,2014-09,2.62400174078817,0.97169253839754,0.441453626829525
030202030101,2014-10,1.65961288628638,0.540904619586135,0.436052607653075
030202030101,2014-11,17.1957218859218,0.644178029675322,0.555019569750408
030202030101,2014-12,54.9184965330291,8.13926533588781,0.958080679781934
030202030101,2015-01,43.6290744408248,27.5860034645335,0.990035535982437
030202030101,2015-02,40.1840042970308,23.7324799056939,0.984136926343082
030202030101,2015-03,20.7149345424508,18.5904502740984,0.887676004837797
030202030101,2015-04,18.2345458534369,3.59939353322984,0.637318467448679
030202030101,2015-05,15.9229235500922,3.82170463732223,0.538886833261222
030202030101,2015-06,2.59992542679157,1.87938444687873,0.373637152253454
030202030101,2015-07,1.38511157862476,0.799968049142119,0.332679078224777
030202030101,2015-08,2.39215889234414,0.326297112877164,0.37562880301863
030202030101,2015-09,12.1889815764622,0.220789112289048,0.471863353716168
030202030101,2015-10,32.3354186751424,9.76467675532502,0.910668904247742
030202030101,2015-11,17.7072035493697,15.0818891204495,0.970769079912343
030202030101,2015-12,36.3940235553382,21.5549414275751,0.981157032376093
030202030101,2016-01,27.4556405206364,27.0428795680014,0.982377659143462
030202030101,2016-02,102.576141793695,28.5490091319328,0.970328322980824
030202030101,2016-03,13.9263175470962,7.01480260621519,0.77887232722417
030202030101,2016-04,9.48669664926774,2.36665541900587,0.55170871651991
030202030101,2016-05,58.6091055963553,2.47857257459324,0.578427358612563
030202030101,2016-06,42.0606126310304,19.1899649157668,0.817952493683867
030202030101,2016-07,21.5302665173029,5.39630006563546,0.571126380569845
030202030101,2016-08,15.3754319447285,3.14625361723003,0.530991151857475
030202030101,2016-09,177.688901682016,3.50829367170028,0.548287713498359
030202030101,2016-10,27.6852552050837,20.8657098278976,0.875822363304979
030202030101,2016-11,8.72437067383608,4.53599407070631,0.771181703495277
030202030101,2016-12,20.594557578853,11.8924999636307,0.958649372427909
030202030101,2017-01,57.6845451155026,31.5774318298223,0.982057819457524
030202030101,2017-02,5.15031275867881,8.45036065999693,0.847435703626234
030202030101,2017-03,7.60988249438476,2.00020127707098,0.602034964325655
030202030101,2017-04,13.2423619379286,1.46594251920056,0.537871524269391
030202030101,2017-05,20.8891146496537,1.2323656507791,0.538870901244415
030202030101,2017-06,20.4084609306709,1.90144574541581,0.610026434670476
030202030101,2017-07,38.8051765927265,2.74204668074412,0.642393283809088
030202030101,2017-08,18.3229873917883,3.31159119123855,0.726092208344933
030202030101,2017-09,45.2796019027404,14.2271042092555,0.817390162872896
030202030101,2017-10,8.40041780990503,3.55424938596389,0.529540206969758
030202030101,2017-11,5.22689411727304,1.85194951267483,0.667725491485759
030202030101,2017-12,12.215758677661,3.03920402021356,0.846949764006965
030202030101,2018-01,33.8130400798805,13.8811571970617,0.97588925022335
030202030101,2018-02,27.9744900161745,25.8515332632545,0.942228773936493
030202030101,2018-03,19.7960067902619,10.5819014383288,0.926708477545232
030202030101,2018-04,28.7651077985123,8.56806966503706,0.807795794995731
030202030101,2018-05,88.5265631936175,10.9342552967132,0.714205814034529
030202030101,2018-06,58.3240108893857,19.121016973177,0.664554013371871
030202030101,2018-07,11.6747359012144,3.72873040716421,0.46622989932083
030202030101,2018-08,82.5005761122689,17.2634904659572,0.815300598567139
030202030101,2018-09,15.1236347489833,6.86659658758889,0.554638577218692
030202030101,2018-10,31.4949650899989,13.2388909405277,0.820747955574285
030202030101,2018-11,45.1726023939537,29.8061733195437,0.984886648395332
030202030101,2018-12,80.0980119813131,34.0404213593711,0.989524728542625
030202030101,2019-01,42.4009236409903,35.0490245921138,0.988100417460513
030202030101,2019-02,26.5127006694426,19.1271754721667,0.955760098341996
030202030101,2019-03,29.5245648116357,24.8984245736903,0.918454228098585
030202030101,2019-04,23.5541687330518,19.5969199373839,0.770042396256849
030202030101,2019-05,3.27912533642565,3.43771157813812,0.400196938009336
030202030101,2019-06,8.54384148386735,1.26661677191383,0.46770144639086
030202030101,2019-07,19.3837256768868,1.36644289667862,0.582747712593279
030202030101,2019-08,14.1655139155735,1.52472810202815,0.525216823762575
030202030101,2019-09,2.11813172182302,1.26017716394159,0.420037745034363
030202030101,2019-10,4.00287177481191,0.704409469500049,0.460976957936185
030202030101,2019-11,10.6722962065162,0.827658377337122,0.653898066912344
030202030101,2019-12,24.2207317443928,15.8641181713165,0.95155350581051
030202030101,2020-01,47.045276930731,23.0126110943494,0.985226959734279
030202030101,2020-02,64.7136353229696,26.5415039795434,0.973169361040729
030202030101,2020-03,10.7436318899531,9.1731262563767,0.727522154663409
030202030101,2020-04,9.64742302271961,2.13679939558116,0.528604782839655
030202030101,2020-05,15.3916960430398,1.66667142051709,0.545001456016947
030202030101,2020-06,62.950654107476,14.1528289739284,0.747744129454934
030202030101,2020-07,18.5023718890047,8.21630129974076,0.565251602128722
030202030101,2020-08,26.2109854573841,3.34023368544267,0.664720011103349
030202030101,2020-09,54.3078179441802,9.48076753646499,0.751257073550824
030202030101,2020-10,20.0514887713573,22.3762699792046,0.910539674949964
030202030101,2020-11,70.2964541516726,12.2368539291792,0.887009233695482
030202030101,2020-12,56.5786498415464,34.727206780411,0.991768670622194
030202030101,2021-01,54.9239181958373,38.5091664277319,0.989466007913526
030202030101,2021-02,98.7862454629826,51.1487578646411,0.986936187762035
030202030101,2021-03,25.2496529458863,22.8931518523454,0.87711309207662
030202030101,2021-04,2.88823757141012,4.99505223546141,0.573458569035408
030202030101,2021-05,1.29993147144608,1.64278422539213,0.332797418936579
030202030101,2021-06,31.7466899952056,1.69320446687198,0.737559914896123
030202030101,2021-07,26.7287721124271,2.67304789518079,0.698190743066493
030202030101,2021-08,3.94060030029034,2.24106555202611,0.47010536879313
030202030102,2013-01,11.4332505917132,36.9192346885228,0.936305746596027
030202030102,2013-02,26.431169327474,42.0621491809507,0.97820235889265
030202030102,2013-03,16.0387993788598,37.9248951495993,0.950725364161414
030202030102,2013-04,25.962072358328,19.7236928000884,0.907901834511345
030202030102,2013-05,33.2749678300979,21.9530231164129,0.864170556125317
030202030102,2013-06,47.4643441859803,40.5319043459673,0.818592615967756
030202030102,2013-07,25.5001909207211,16.2349112614721,0.74045147902684
030202030102,2013-08,16.5119685862697,7.38157730611691,0.623521941034442
030202030102,2013-09,2.06710584843495,4.45028211840581,0.444193656977249
030202030102,2013-10,1.37577621290895,2.25291663650978,0.465498391197951
030202030102,2013-11,10.1787163117014,1.32768848306629,0.611007487166325
030202030102,2013-12,22.1620153537886,23.4959421638351,0.940558471044281
030202030102,2014-01,17.497059498188,56.0361212902099,0.990522409139286
030202030102,2014-02,19.1548479060386,37.0987620568513,0.976270510668165
030202030102,2014-03,46.6093851240723,46.5851431876658,0.952321356224623
030202030102,2014-04,73.8711451260508,24.488467817511,0.876283524381159
030202030102,2014-05,37.7392136720039,53.9714897337358,0.71704879163474
030202030102,2014-06,4.07472534533464,10.9678238010083,0.429577407346237
030202030102,2014-07,7.34231440751892,4.44923941869042,0.431025470046416
030202030102,2014-08,20.7355181045496,9.92219582847154,0.649915061504118
030202030102,2014-09,2.08472792935576,4.24559444480992,0.442374449926404
030202030102,2014-10,4.20604626379282,2.02050959316277,0.506362607122518
030202030102,2014-11,16.9390049643285,4.17735758073747,0.650945611575385
030202030102,2014-12,21.7971806091536,32.0920119181306,0.962134332730025
030202030102,2015-01,27.466043989537,67.5158654632332,0.992451279238949
030202030102,2015-02,36.2310572546333,52.2736050710553,0.988430441813992
030202030102,2015-03,26.7172510288378,53.2888168057242,0.953316727708109
030202030102,2015-04,23.0885388922175,19.0838153555922,0.898237586551261
030202030102,2015-05,20.8324809994919,24.7557477050637,0.771723225248894
030202030102,2015-06,4.14037226334498,9.63110585743859,0.402919464361533
030202030102,2015-07,2.56071388259915,4.80951172672561,0.362625313752604
030202030102,2015-08,7.73804249074565,2.87447434772998,0.471977050084892
030202030102,2015-09,4.55581860682003,1.55073877466911,0.445909945625501
030202030102,2015-10,21.7654293459011,13.8105296005698,0.88848606396586
030202030102,2015-11,12.3458073701024,28.7007671432094,0.956782554068597
030202030102,2015-12,23.4769670129924,33.2730064631333,0.974716711929774
030202030102,2016-01,18.4014200171705,63.5847354515426,0.987601929605435
030202030102,2016-02,73.4936696799469,82.4095249808874,0.977818283903458
030202030102,2016-03,15.3765925945577,29.2216181374398,0.87775450603419
030202030102,2016-04,12.9812405535667,8.55319851692909,0.815316791590334
030202030102,2016-05,27.8126212929466,7.4265074997594,0.603553812646618
030202030102,2016-06,24.3441389870007,29.2249093777581,0.777212001306382
030202030102,2016-07,20.3793482039749,11.1283459034951,0.548519632265656
030202030102,2016-08,2.36968503947738,5.2771796043105,0.384067022092612
030202030102,2016-09,37.9701268364691,5.67835015279858,0.438517458503761
030202030102,2016-10,32.2858143788614,75.3080195951148,0.912514542858367
030202030102,2016-11,8.31596545647664,17.594748677475,0.870869873790677
030202030102,2016-12,16.0969522472861,33.0939192475577,0.980642553582511
030202030102,2017-01,28.9670523413778,59.3989477605093,0.986897011356083
030202030102,2017-02,7.21337318646977,21.4707605605611,0.926754594374536
030202030102,2017-03,9.79123630404372,7.1753142190821,0.830397776137847
030202030102,2017-04,11.7092119825951,5.29377608734487,0.723591792214588
030202030102,2017-05,16.6704068703659,5.93118199201735,0.559201206629464
030202030102,2017-06,18.3795184890912,6.43192397896769,0.553629848294175
030202030102,2017-07,21.8330560682713,6.69653287018643,0.584563627526753
030202030102,2017-08,15.6244456312824,6.29140092956283,0.574221704189701
030202030102,2017-09,30.554331945586,36.1131408480817,0.81955372152032
030202030102,2017-10,10.1564935219833,10.937754598446,0.63715917681015
030202030102,2017-11,4.63336372874182,4.22054394177673,0.751577264245962
030202030102,2017-12,12.373158711258,18.7724195000149,0.890496509293958
030202030102,2018-01,16.9461070244891,30.8132171453482,0.962349075847831
030202030102,2018-02,22.3069017910672,49.975476196445,0.967105586291847
030202030102,2018-03,27.6441616192388,39.8243553438559,0.973118719110283
030202030102,2018-04,43.9625953078405,30.1932628897868,0.909782627786621
030202030102,2018-05,84.9742653572653,39.5740138724324,0.773256119838028
030202030102,2018-06,20.9334232727532,57.3019324801511,0.61765794344081
030202030102,2018-07,7.44239634513348,10.2693822930332,0.412198865711332
030202030102,2018-08,25.0475189138162,6.57804310629237,0.620556325528134
030202030102,2018-09,12.5314708722476,5.75570242587925,0.504834875662671
030202030102,2018-10,37.5665552561464,45.1491071997247,0.877932202142893
030202030102,2018-11,23.2337469751633,60.4448449911871,0.991931640566403
030202030102,2018-12,39.502429875611,69.2847497694463,0.993267253854329
030202030102,2019-01,23.6690173623727,62.5081874228047,0.991070404630611
030202030102,2019-02,24.5046353055046,38.0534689054349,0.973461848488571
030202030102,2019-03,50.7868422942657,58.4643502222521,0.94819186459942
030202030102,2019-04,37.5601250493998,53.6361622484408,0.841853521506949
030202030102,2019-05,4.51178196140299,12.8565665734964,0.431774596197665
030202030102,2019-06,17.4406436992724,5.96428316509722,0.589473463868692
030202030102,2019-07,15.1100684963209,5.95737028358169,0.535427039628273
030202030102,2019-08,11.3493472032435,5.19514884630375,0.510553483965494
030202030102,2019-09,2.03740882983139,4.08260302705657,0.423003505521765
030202030102,2019-10,6.15605131550616,2.49513966694668,0.52286367750176
030202030102,2019-11,10.7225732264844,3.65529476746608,0.75103912468919
030202030102,2019-12,17.1114867602426,36.6195446522529,0.962045655697196
030202030102,2020-01,16.4900242699384,43.4054893345502,0.987488363347153
030202030102,2020-02,49.5933190175618,62.1839792409673,0.982817727401975
030202030102,2020-03,13.71039365737,28.8779637402911,0.855941042960507
030202030102,2020-04,23.2666530027005,8.96246946959424,0.81442316748023
030202030102,2020-05,18.3756927686438,9.67290792631583,0.773315565001891
030202030102,2020-06,37.8266654486287,28.5315491958496,0.824098922154536
030202030102,2020-07,7.54624768625897,17.9378231420824,0.504491227374878
030202030102,2020-08,21.3372995950806,7.30290883793163,0.574071585427513
030202030102,2020-09,26.5249650912466,11.9377553792801,0.69977179290456
030202030102,2020-10,10.8137687434006,30.4022688469911,0.923797915814214
030202030102,2020-11,39.3813946144195,51.4810947412925,0.925399655013601
030202030102,2020-12,33.5931563486473,70.5483829212577,0.994608516826964
030202030102,2021-01,37.41648012158,79.4431125840432,0.991988580890882
030202030102,2021-02,90.4837762265489,105.709740101296,0.990820074271281
030202030102,2021-03,26.6040330054154,61.7289309892447,0.922637258109331
030202030102,2021-04,7.61595406298297,16.1158503089896,0.708461787533734
030202030102,2021-05,3.3226677214586,5.15627837755483,0.417783768747271
030202030102,2021-06,23.1507758329982,5.24064080714135,0.679375345352802
030202030102,2021-07,19.8679274295521,6.55452936679886,0.517673473369032
030202030102,2021-08,3.63763658699904,4.74333708009738,0.474298995710797
030202030103,2013-01,4.17388823599632,10.1470847778555,0.798375165607085
030202030103,2013-02,37.5352701609637,28.2749526366626,0.948233707770481
030202030103,2013-03,30.151550623592,41.4874729275166,0.923706022613423
030202030103,2013-04,30.5647414841334,29.61730346868,0.884109254287597
030202030103,2013-05,46.8568375274764,32.6378281790105,0.839069570049235
030202030103,2013-06,52.318286753878,41.9969505788828,0.787580078265273
030202030103,2013-07,16.8469143582575,27.0526890266649,0.619067199411848
030202030103,2013-08,7.07622358553407,19.9326316052349,0.448995051817401
030202030103,2013-09,1.44380874696671,13.3826238515205,0.339665093434699
030202030103,2013-10,1.05875248982938,6.80866425775964,0.357389189819153
030202030103,2013-11,3.96027781377682,4.05511336298747,0.452380539950045
030202030103,2013-12,13.9707441793165,11.9448686217227,0.851340022283067
030202030103,2014-01,27.3205392062429,34.4007310636804,0.976986030925597
030202030103,2014-02,32.5515610180567,35.1053770058347,0.960577753229724
030202030103,2014-03,91.9572179627131,41.5518397108163,0.925783387889055
030202030103,2014-04,161.027532534194,34.053094587847,0.830967676532078
030202030103,2014-05,90.4323011024561,52.7816135186161,0.690573320528791
030202030103,2014-06,8.40860361563314,20.8244080315171,0.407825991217182
030202030103,2014-07,4.77634047380483,11.5731276142677,0.350066137385228
030202030103,2014-08,6.21512980716751,13.2483515158356,0.453235696381483
030202030103,2014-09,1.11282875264816,8.47126142901095,0.349378563884743
030202030103,2014-10,1.65504569022645,4.80574829453594,0.388470965328779
030202030103,2014-11,6.21193034416255,3.99811440722726,0.498812212277282
030202030103,2014-12,19.7675216167823,13.8353338492397,0.882320553161481
030202030103,2015-01,43.363971845907,37.9123012771473,0.984671744469844
030202030103,2015-02,69.5500947727479,43.6302283190518,0.98102078096624
030202030103,2015-03,51.1087461240784,51.9831421310824,0.928502292526278
030202030103,2015-04,28.4708042405359,32.5128595195744,0.868601568031203
030202030103,2015-05,16.1409212673246,30.803444452891,0.736612695076246
030202030103,2015-06,8.16203684836646,20.7358055047364,0.442226996932174
030202030103,2015-07,3.32100910361606,13.240156603933,0.365747441550898
030202030103,2015-08,1.80079472959266,8.51332434591302,0.33240029572767
030202030103,2015-09,1.56417495943289,4.66077475868882,0.329465522013467
030202030103,2015-10,8.65557243740188,10.4530609886061,0.747024414585485
030202030103,2015-11,4.78249602721285,13.0610188202903,0.871869756308021
030202030103,2015-12,13.5969883215397,16.4171511177735,0.926420331684779
030202030103,2016-01,29.8125878550589,31.9838413788325,0.972323796027088
030202030103,2016-02,173.660352882303,58.253210960396,0.961147245367835
030202030103,2016-03,19.4786244319193,34.1755781594912,0.828224537674091
030202030103,2016-04,11.2430732084704,20.5455268483701,0.726200325765048
030202030103,2016-05,18.6792052955996,21.6906177397235,0.573888788911584
030202030103,2016-06,18.6290549681151,26.3133173613628,0.734231308800386
030202030103,2016-07,7.59644134044676,22.0658087050122,0.433951818896062
030202030103,2016-08,2.21435322487186,14.4358797446973,0.337576031453091
030202030103,2016-09,43.0444475231973,8.67811827685327,0.369976384096487
030202030103,2016-10,59.7165496090117,37.7391769705164,0.86872971858537
030202030103,2016-11,9.03382598597325,18.0725496883217,0.73056511597393
030202030103,2016-12,8.82821282613713,17.2459482570365,0.943456569777928
030202030103,2017-01,41.2916631432205,36.3181317802967,0.971846979107145
030202030103,2017-02,10.997552796628,18.5066831172665,0.843687571840005
030202030103,2017-03,8.09928450871163,11.8647410342907,0.671603486581079
030202030103,2017-04,10.5920625267285,15.0455540115604,0.619151670786263
030202030103,2017-05,11.4947331704016,18.8869050271204,0.507391938830112
030202030103,2017-06,11.5339121452021,21.1829176686947,0.49571169441788
030202030103,2017-07,11.6025878606112,22.2409409168086,0.455285069856521
030202030103,2017-08,5.56082902741886,21.0306581149264,0.502864863732713
030202030103,2017-09,16.3069567441976,22.9677459444866,0.754381437011599
030202030103,2017-10,3.27078892798092,14.3019653954492,0.47764430333469
030202030103,2017-11,1.84626470845751,10.0384730796008,0.511575370112196
030202030103,2017-12,4.43778263379492,9.8318310257827,0.69052116222624
030202030103,2018-01,8.50455514781996,10.9332343224648,0.882663693783674
030202030103,2018-02,42.245102440655,34.5797264024809,0.940807518321783
030202030103,2018-03,40.7346307476394,39.9969921965621,0.963101468866379
030202030103,2018-04,80.2839842604914,35.5731644818429,0.873692779164756
030202030103,2018-05,150.523003258709,42.0035535274314,0.719674937682581
030202030103,2018-06,53.0289329626192,47.0508410801104,0.603729519645936
030202030103,2018-07,9.67304484173537,17.5455169932021,0.364452987417024
030202030103,2018-08,16.9244764559098,18.9469132195988,0.529331261284839
030202030103,2018-09,6.89743623980566,18.2520816819852,0.457500665358529
030202030103,2018-10,32.3414769342241,26.7381798455516,0.803234373454721
030202030103,2018-11,35.6736722815128,45.1953984154907,0.983924895421968
030202030103,2018-12,60.0631402604271,49.1641444203855,0.984433720249643
030202030103,2019-01,36.7109996446803,48.0378176992707,0.981573206398615
030202030103,2019-02,42.5102661312054,34.1356499803221,0.950999164323364
030202030103,2019-03,105.794181242966,61.1720501222276,0.92690487132562
030202030103,2019-04,74.7857289795017,54.2335709380432,0.785771917403911
030202030103,2019-05,10.0936294571973,22.6135399292525,0.411471849829394
030202030103,2019-06,9.72466336494925,16.2871488545425,0.517490567107851
030202030103,2019-07,9.82619644167997,18.7202751302332,0.469766345071902
030202030103,2019-08,6.23657136776646,16.916035099829,0.441205609297912
030202030103,2019-09,1.78690194664088,13.4527322127788,0.360517115180816
030202030103,2019-10,2.72841627080384,8.27057459505439,0.420183918532021
030202030103,2019-11,3.96020757000041,7.75324016492939,0.539859746095828
030202030103,2019-12,5.92656041560796,15.0373739119032,0.880885627143053
030202030103,2020-01,15.7122264276583,26.178737309655,0.972909342234264
030202030103,2020-02,98.0494694682909,48.2404263071939,0.970809188913922
030202030103,2020-03,23.1253385021876,33.9904317905259,0.774609242262593
030202030103,2020-04,16.6926177877695,20.867278740029,0.700345351136967
030202030103,2020-05,9.84086870516221,21.3094666950867,0.616829834857657
030202030103,2020-06,31.798402719729,27.5125276448739,0.714199616417343
030202030103,2020-07,8.89850586223845,23.4741318490314,0.4478279322835
030202030103,2020-08,10.0628139090673,18.7639124075789,0.462756118932047
030202030103,2020-09,11.6830223051238,17.6212074371548,0.587137291713327
030202030103,2020-10,4.24290661318508,20.7263048188768,0.865573924594079
030202030103,2020-11,57.2464085272397,26.0583945243367,0.861209182847643
030202030103,2020-12,52.4251112535458,48.1260711477368,0.988213158122983
030202030103,2021-01,53.3980612022946,53.6766592642623,0.984470735924114
030202030103,2021-02,205.902473202959,76.8995738825949,0.985195286087292
030202030103,2021-03,54.8420533922679,60.1316993084718,0.891300296040027
030202030103,2021-04,12.8027463282874,30.6187922917368,0.647023198222648
030202030103,2021-05,5.94682938618755,13.1410645570707,0.371556426658729
030202030103,2021-06,12.6810974227615,16.2804162093775,0.626179646551453
030202030103,2021-07,11.0000957601345,21.4490100260487,0.495445018047433
030202030103,2021-08,1.20161543869205,15.6470395129433,0.355067453434889
030202030104,2013-01,4.10310083188225,10.1351510815052,0.797202761821651
030202030104,2013-02,37.4383363149518,28.2715982861066,0.947473856859586
030202030104,2013-03,30.1663505558747,41.5520225714259,0.922982920395329
030202030104,2013-04,30.5281201991183,29.6839825682982,0.883232857488683
030202030104,2013-05,46.671892611499,32.684673658416,0.838197286869138
030202030104,2013-06,52.2939111444097,42.07150459456,0.787031064978489
030202030104,2013-07,16.8128247427896,27.1146514364542,0.618581066965704
030202030104,2013-08,7.01689436814595,19.977466171393,0.447564383880863
030202030104,2013-09,1.4383964795771,13.4076583763018,0.338784058841956
030202030104,2013-10,1.05844390626966,6.81976301772246,0.35671206482071
030202030104,2013-11,3.92336675883389,4.06141669538745,0.451704996360081
030202030104,2013-12,13.8284182599732,11.9287722733965,0.850940402688274
030202030104,2014-01,27.3313567373566,34.4156111604652,0.976762818919365
030202030104,2014-02,32.5127022130909,35.1383566399885,0.960300234797619
030202030104,2014-03,92.0101988367132,41.628644091892,0.925160386204016
030202030104,2014-04,160.787414230703,34.1224217869621,0.829985231182187
030202030104,2014-05,90.5218719890843,52.8531379711236,0.689175768012274
030202030104,2014-06,8.40483951037477,20.8498519032201,0.406996115040074
030202030104,2014-07,4.80705846632375,11.5992984641893,0.350292990045033
030202030104,2014-08,6.20629160931098,13.298729483219,0.452733651867898
030202030104,2014-09,1.1090362907825,8.49735997064281,0.348856471148946
030202030104,2014-10,1.65496289187163,4.81898206576147,0.387922514399953
030202030104,2014-11,6.1452105704389,4.00906712232293,0.498213316579846
030202030104,2014-12,19.6151495685908,13.8587877704955,0.881823788147652
030202030104,2015-01,43.383914467512,37.9455176032968,0.984499468279027
030202030104,2015-02,69.5700430374073,43.6735620545616,0.98080986819314
030202030104,2015-03,51.1459471995315,52.065346186573,0.928140880779373
030202030104,2015-04,28.4527202097053,32.5830460638057,0.868430466743571
030202030104,2015-05,16.1490309599103,30.8818596397358,0.736762862640049
030202030104,2015-06,8.17310212589539,20.7902181317176,0.441896493211269
030202030104,2015-07,3.32692016210269,13.273910023077,0.365672998893672
030202030104,2015-08,1.7996506154893,8.53462401431778,0.331985711451143
030202030104,2015-09,1.51668450887541,4.67142048355706,0.328519616132118
030202030104,2015-10,8.51692669804193,10.4448817624572,0.745714218851385
030202030104,2015-11,4.71335583919768,13.0398818815602,0.870558504022558
030202030104,2015-12,13.5408171982554,16.3810315113841,0.925441341489581
030202030104,2016-01,29.794154521795,31.9949139910752,0.972114309218846
030202030104,2016-02,173.678239653121,58.3462171578228,0.96081855051218
030202030104,2016-03,19.4632347281058,34.2557281197307,0.827222451931156
030202030104,2016-04,11.2280428445004,20.5865528860322,0.725632630192257
030202030104,2016-05,18.4473431892834,21.7274090347797,0.572967194433524
030202030104,2016-06,18.4850542565837,26.2938312018061,0.732823882980329
030202030104,2016-07,7.52713253774624,22.0925255935946,0.432680116652845
030202030104,2016-08,2.1532079736174,14.4527994826088,0.336216636432993
030202030104,2016-09,42.1743586749205,8.68173200587604,0.368662273946121
030202030104,2016-10,59.9012765632904,37.7905759665761,0.868074801289107
030202030104,2016-11,9.01842569714454,18.1140116851831,0.729303245961783
030202030104,2016-12,8.74592325461417,17.2476820554718,0.942454453981025
030202030104,2017-01,41.1368091880423,36.2987792154372,0.971501976609029
030202030104,2017-02,11.0081379786676,18.5248503729877,0.842890760182661
030202030104,2017-03,8.08719667049104,11.887982706529,0.671013526885298
030202030104,2017-04,10.509906481498,15.0696686832651,0.618395846771504
030202030104,2017-05,11.4327416928524,18.918661967645,0.506499199943843
030202030104,2017-06,11.467900208181,21.2170834322377,0.49418605904073
030202030104,2017-07,11.4615678736589,22.2737433903237,0.453770202399481
030202030104,2017-08,5.49667280099414,21.0591235420385,0.501004963278377
030202030104,2017-09,16.1408878867059,22.9698422166918,0.753315284505826
030202030104,2017-10,3.24652837001547,14.3196633919949,0.476955582186356
030202030104,2017-11,1.82927217698263,10.0519685354794,0.510120946146049
030202030104,2017-12,4.39210390660808,9.84739279581355,0.689539072164776
030202030104,2018-01,8.47750731441105,10.9259872176114,0.882081376317388
030202030104,2018-02,42.2293970598753,34.5886645613185,0.940317784112153
030202030104,2018-03,40.7439015446673,40.0706368205617,0.962452226063215
030202030104,2018-04,80.3116476427036,35.6433773984893,0.873146033289498
030202030104,2018-05,150.436936089066,42.0799987991071,0.718895469083879
030202030104,2018-06,52.8992622399182,47.1151151492126,0.602685241383717
030202030104,2018-07,9.6496934246371,17.576581997619,0.363646747477998
030202030104,2018-08,16.5658752571042,18.9113688822652,0.527123205777585
030202030104,2018-09,6.85220463653578,18.2580678645335,0.456373126206802
030202030104,2018-10,32.3300531677196,26.7745330017186,0.802691743583361
030202030104,2018-11,35.5859605868106,45.2115262142284,0.983638675075198
030202030104,2018-12,59.9651909178463,49.1977539307673,0.98427852931106
030202030104,2019-01,36.6466872841237,48.0524149321023,0.9813277271519
030202030104,2019-02,42.4753127504324,34.1557824756324,0.950337523523559
030202030104,2019-03,105.899787140532,61.2277023387913,0.926205050239661
030202030104,2019-04,74.8421719012636,54.3000114611987,0.784982570650327
030202030104,2019-05,10.1045416483989,22.6587827565476,0.410927159962551
030202030104,2019-06,9.73179374977845,16.3356085206261,0.517656379551762
030202030104,2019-07,9.77384915824587,18.773766876688,0.468838385777783
030202030104,2019-08,6.19540881432092,16.9567427144956,0.440345790229923
030202030104,2019-09,1.78364047141445,13.4812851544915,0.359908262866928
030202030104,2019-10,2.7203107427868,8.2877097383834,0.419568724535495
030202030104,2019-11,3.91829218658008,7.76795555907435,0.538942433859347
030202030104,2019-12,5.82235235573165,15.0157573781491,0.880298586110074
030202030104,2020-01,15.515742701345,26.1551015622342,0.972228156644884
030202030104,2020-02,98.0107407276971,48.2672021091551,0.970307945144143
030202030104,2020-03,23.1379078184182,34.0490017742438,0.773924585767566
030202030104,2020-04,16.6893178603833,20.9076882011492,0.699970444363779
030202030104,2020-05,9.79266502064574,21.3519624570384,0.616496338278414
030202030104,2020-06,31.5292724262015,27.5264217864217,0.713394515568118
030202030104,2020-07,8.84348476784999,23.4974220852502,0.44668266416164
030202030104,2020-08,9.9751251279155,18.7920037844456,0.461555789365238
030202030104,2020-09,11.4458936033804,17.6219923348944,0.586065495648292
030202030104,2020-10,4.15630321645102,20.6816483273325,0.864100933170662
030202030104,2020-11,57.02707745994,26.0830439731404,0.860234517497736
030202030104,2020-12,52.3686152951873,48.12425514146,0.987869094106238
030202030104,2021-01,53.4010146452916,53.7135028507877,0.9843069999999
030202030104,2021-02,206.174568878282,76.9784927760984,0.985101448078689
030202030104,2021-03,54.8353385609054,60.237503312392,0.890349059429166
030202030104,2021-04,12.8199440360808,30.6750467461613,0.64637181785407
030202030104,2021-05,5.9574613248371,13.1610095552036,0.371360368442551
030202030104,2021-06,12.551183183886,16.3093461010082,0.624941626886661
030202030104,2021-07,10.9028417562272,21.485932457824,0.493615248099673
030202030104,2021-08,1.18974323374431,15.6697739784063,0.354198321300684
030202030105,2013-01,11.775001282576,38.3683694158806,0.93602957965239
030202030105,2013-02,25.3004755905977,42.5185571267047,0.969352163752857
030202030105,2013-03,14.8619925774553,37.2141253772238,0.941664775452109
030202030105,2013-04,25.2865005852226,18.8236320420522,0.899098000439689
030202030105,2013-05,31.8032898184014,20.9432916302273,0.85591517836767
030202030105,2013-06,46.5487883456184,39.9798581502462,0.811652198472352
030202030105,2013-07,25.7066715980372,15.3047358757134,0.740037092975249
030202030105,2013-08,16.9278177159773,6.41605074284889,0.627838425569772
030202030105,2013-09,2.0924497253767,3.77824657607189,0.446535546615907
030202030105,2013-10,1.38537818446165,1.91079326960913,0.468279550429294
030202030105,2013-11,10.4969884545903,1.12419983418571,0.615877734286233
030202030105,2013-12,22.3943514025132,24.0093299013257,0.937189895623477
030202030105,2014-01,16.6243314983862,56.8297472745574,0.980738010730954
030202030105,2014-02,17.9707217105646,36.7632572501482,0.966742112973521
030202030105,2014-03,42.87803029186,46.3874003712751,0.94411998447785
030202030105,2014-04,66.6701848243421,23.5509207489856,0.86966870125012
030202030105,2014-05,33.6798780261166,53.4173546765974,0.71059464096847
030202030105,2014-06,3.74111513546992,10.1644484148548,0.426585697210733
030202030105,2014-07,7.45359433569057,3.90972824607994,0.432328462127244
030202030105,2014-08,21.5744140023209,9.59925139199721,0.657182352689992
030202030105,2014-09,2.14659440976521,3.91071967264315,0.444887967796341
030202030105,2014-10,4.3441589093205,1.80781551134615,0.509773674535531
030202030105,2014-11,17.5164805008865,4.14335871959814,0.655761235403908
030202030105,2014-12,21.6007437830007,32.9748915579775,0.958110056366253
030202030105,2015-01,26.0761003059808,68.7176740094363,0.983258871901261
030202030105,2015-02,33.4343187376043,52.1758991464421,0.978806437348317
030202030105,2015-03,24.7287327376034,52.7169202068627,0.945053131820912
030202030105,2015-04,22.4477565974608,17.9494719469886,0.890495998024354
030202030105,2015-05,20.9208871872885,24.0707996217766,0.76577846877577
030202030105,2015-06,3.82825824321776,8.76294096992095,0.396024099655513
030202030105,2015-07,2.48901609880752,4.17971425182049,0.358548237252723
030202030105,2015-08,8.04203546073979,2.45565675054369,0.475755274648192
030202030105,2015-09,4.72059712023754,1.31958917455768,0.44899336543379
030202030105,2015-10,22.394517215224,13.8539914306798,0.889061018070941
030202030105,2015-11,12.690923329036,29.4659110014614,0.952425949250669
030202030105,2015-12,23.8668377407444,34.0721109065854,0.968200933660056
030202030105,2016-01,17.4192872908526,64.9983322846754,0.979061295819465
030202030105,2016-02,65.6300898485687,83.0812803483207,0.971054924245391
030202030105,2016-03,14.9104229621919,28.5611809230778,0.871847635108669
030202030105,2016-04,12.954962745679,7.63259943699109,0.812492379188276
030202030105,2016-05,28.0943098493927,6.35935038548105,0.599046490337404
030202030105,2016-06,24.4482568148028,29.0715886221818,0.771301686325908
030202030105,2016-07,20.9832551334623,10.2457081653701,0.54966237222053
030202030105,2016-08,2.36748884110663,4.58383624284392,0.382954155153643
030202030105,2016-09,36.8130642936734,5.40106127293478,0.438715896817611
030202030105,2016-10,30.0964662804073,77.0291845505073,0.90625233977141
030202030105,2016-11,8.17915511454291,17.3692917081816,0.8712247868766
030202030105,2016-12,16.3876093656601,33.8305617599992,0.973047574931475
030202030105,2017-01,27.7665082621644,60.2425461246536,0.977707379275712
030202030105,2017-02,6.86236037093125,21.4206066317702,0.922013626898053
030202030105,2017-03,9.80484205220824,6.7708089210575,0.832440162957621
030202030105,2017-04,11.6449808626563,4.56458946705728,0.722864722763534
030202030105,2017-05,16.8119825566406,4.97764017002648,0.556622796404674
030202030105,2017-06,18.5817050656308,5.34564961420575,0.551061256200216
030202030105,2017-07,22.1752550813176,5.5421752980118,0.586159937188945
030202030105,2017-08,16.1431101464315,5.19804653501755,0.572556274321388
030202030105,2017-09,31.0663528903042,36.53937221486,0.814965253147757
030202030105,2017-10,10.529872852038,10.5773815980597,0.641432129474999
030202030105,2017-11,4.77709499134931,3.77229655689906,0.760015453002696
030202030105,2017-12,12.7622826427126,19.1857802880335,0.895041916648282
030202030105,2018-01,17.2870838781161,31.8416572605354,0.957618327584775
030202030105,2018-02,20.6488906243143,50.3640731307173,0.958227268614047
030202030105,2018-03,26.3772924873702,39.3696990184739,0.96277389814259
030202030105,2018-04,40.8358196535551,29.4733640322913,0.902112631925958
030202030105,2018-05,79.4812063658137,38.9499433547252,0.768312354619525
030202030105,2018-06,18.5337540460863,57.3810355993693,0.611660060022237
030202030105,2018-07,7.22287701299355,9.65682173339602,0.411446034121576
030202030105,2018-08,25.311700562661,5.65952403113254,0.619482081725315
030202030105,2018-09,12.7917043257703,4.8335880372369,0.502451172779834
030202030105,2018-10,37.8257860087607,45.9396042971093,0.875555102115143
030202030105,2018-11,22.0908842938823,60.7830097718905,0.982650908400471
030202030105,2018-12,37.6678661086683,69.7319892918245,0.984679068557564
030202030105,2019-01,22.4997138048485,62.71966031449,0.981677343809831
030202030105,2019-02,22.9431009774827,37.8368706429989,0.964639155928008
030202030105,2019-03,46.3749128277746,57.5465485492913,0.93933871973024
030202030105,2019-04,34.518526709873,52.9368624431857,0.83649203636348
030202030105,2019-05,4.08599093214015,12.036048400088,0.428953363024278
030202030105,2019-06,17.787723285618,5.18997180919639,0.588226448894085
030202030105,2019-07,15.3105208416249,5.01679695168962,0.53415658966115
030202030105,2019-08,11.5948355574757,4.33379683024846,0.509850496641246
030202030105,2019-09,2.03815628771996,3.39680126531336,0.422886658178953
030202030105,2019-10,6.33403635753834,2.07348437392282,0.524747526435958
030202030105,2019-11,11.059621299323,3.33618906788322,0.757922603578633
030202030105,2019-12,17.6518401376551,37.6872940091177,0.957405295244445
030202030105,2020-01,16.3223264365835,44.0360015974884,0.977204329917616
030202030105,2020-02,45.5436076291325,62.3537728766683,0.972874973382325
030202030105,2020-03,12.9107873080704,28.1690719682599,0.851966681206246
030202030105,2020-04,23.445608048259,8.04170810740335,0.813378675299159
030202030105,2020-05,18.7318460978377,8.765149095234,0.775666202546496
030202030105,2020-06,37.5510168333335,28.1258235758873,0.822370071553177
030202030105,2020-07,7.37672021475021,17.3042814290569,0.502748289239893
030202030105,2020-08,21.8838963147058,6.42984768588753,0.575180419435313
030202030105,2020-09,27.2167023562339,11.4186677457898,0.700334118493687
030202030105,2020-10,11.1124867202303,30.7372107754039,0.917224090398269
030202030105,2020-11,37.6120064391476,52.6434733298262,0.920344078599399
030202030105,2020-12,31.9181634485158,71.2177020300787,0.985364882685228
030202030105,2021-01,35.881273795606,80.2231089269232,0.983105756901546
030202030105,2021-02,81.5544446693987,106.303083245693,0.983211718676352
030202030105,2021-03,24.3349601508325,61.1353370124387,0.914974665010007
030202030105,2021-04,7.18459178782279,14.9458395762474,0.705479641737431
030202030105,2021-05,3.11878984244999,4.54953890481588,0.417297868210015
030202030105,2021-06,23.5876011679882,4.42460951648559,0.675452760053769
030202030105,2021-07,20.2560095565197,5.45757699574572,0.513340977621467
030202030105,2021-08,3.76939929207249,3.94187338203672,0.47743068857163
030202030201,2013-01,1.99954057575224,1.47348952350213,0.471314837773384
030202030201,2013-02,12.2055697548265,4.97491541485736,0.536751162186866
030202030201,2013-03,3.28756260184238,11.8307000133857,0.479161374057116
030202030201,2013-04,0.466624115123096,6.371039773502,0.248728596697649
030202030201,2013-05,1.51732477815668,1.97565240774263,0.247405990512889
030202030201,2013-06,2.72050924918995,1.669814408246,0.281178220631013
030202030201,2013-07,0.73340545552495,1.19271336784613,0.259060247752873
030202030201,2013-08,0.247335141794452,0.176421102246866,0.211583841545874
030202030201,2013-09,0.048821574374707,0.0,0.185300663567022
030202030201,2013-10,0.0395162491578503,0.0,0.206083949630693
030202030201,2013-11,1.3187031598473,0.146603483042828,0.289351465999907
030202030201,2013-12,13.5727197133802,4.96576297641149,0.671247396023343
030202030201,2014-01,7.46250526300502,18.0834309680439,0.928773700464923
030202030201,2014-02,6.0981093619443,16.6775040853035,0.906630667755874
030202030201,2014-03,24.9386078782931,18.2649523267691,0.746638887945424
030202030201,2014-04,1.60379893118873,13.1066720243109,0.303394962062614
030202030201,2014-05,0.417388827340341,4.58453392091546,0.199420674573671
030202030201,2014-06,0.225513259876544,0.382659866404858,0.176850492110585
030202030201,2014-07,14.6005350550816,4.28567464416748,0.43134780903475
030202030201,2014-08,30.361539771926,26.4110764962261,0.476448219290433
030202030201,2014-09,3.62728020527334,14.3403119149578,0.367518623173493
030202030201,2014-10,0.522892363851034,6.87309162057167,0.250033102537743
030202030201,2014-11,5.34335391833895,2.59674916400468,0.315098407126437
030202030201,2014-12,9.68989926705387,6.81188236619845,0.621614007087285
030202030201,2015-01,21.1409190854816,17.9956321402499,0.892909986655781
030202030201,2015-02,29.6348368118621,19.0578224521817,0.920069438233671
030202030201,2015-03,14.3345638519941,20.8331658955772,0.791505873676813
030202030201,2015-04,1.2540167174001,12.0314875924226,0.302383497783036
030202030201,2015-05,3.4259077758102,6.43896313736462,0.281497381347973
030202030201,2015-06,0.334179870608529,1.96837117596796,0.194604439392872
030202030201,2015-07,0.537525990555446,0.231256821056127,0.23786267720804
030202030201,2015-08,0.282190130308297,0.136714836861726,0.20498452368701
030202030201,2015-09,0.190599977345801,0.0298176530138164,0.20997046890169
030202030201,2015-10,7.56510156621055,5.57326173941113,0.418916277810817
030202030201,2015-11,0.775038539027709,4.2920065079205,0.360877356587971
030202030201,2015-12,11.3000053603567,2.52242014012376,0.39083636528264
030202030201,2016-01,6.33171307470092,12.0738773700307,0.806026895952964
030202030201,2016-02,82.6172240468247,29.6928498753225,0.896627591069267
030202030201,2016-03,4.47008958469155,19.6243229963484,0.428521764542475
030202030201,2016-04,0.520818370885195,7.25110193173797,0.214081928981091
030202030201,2016-05,0.742523958393905,1.82687435243127,0.231110052401786
030202030201,2016-06,6.89929633270277,4.10388170714475,0.320058193721905
030202030201,2016-07,0.681245791281968,2.99955588118152,0.213653373364636
030202030201,2016-08,0.366345795531996,0.345387796133798,0.17870879338088
030202030201,2016-09,8.30271489557921,0.258419679620312,0.264890422102067
030202030201,2016-10,14.8121179314558,16.4134531964287,0.679971254873262
030202030201,2016-11,0.366344653404576,13.0820797535839,0.388390759579258
030202030201,2016-12,3.59697582202322,7.21021405218569,0.490234323630828
030202030201,2017-01,11.3659496378717,11.3204904948911,0.713348325069595
030202030201,2017-02,2.02381575618784,9.4956186655842,0.470260772668842
030202030201,2017-03,0.178336659504955,5.0094349750876,0.245158200299894
030202030201,2017-04,0.0968204987507147,0.991436966713185,0.18899726938654
030202030201,2017-05,1.72845854760971,0.603807447282718,0.266835725895086
030202030201,2017-06,1.88454139031671,0.708169449035709,0.265811036497435
030202030201,2017-07,0.438402954230272,0.849803236345839,0.227168179546291
030202030201,2017-08,0.147336239080541,0.141633830017218,0.205502142581701
030202030201,2017-09,11.8350302533233,7.9256203323597,0.40227612500641
030202030201,2017-10,0.338944162304633,5.89868753712324,0.239276904516703
030202030201,2017-11,0.0774211688183799,2.02292420699647,0.248570493081701
030202030201,2017-12,3.94354455691392,2.13257820202817,0.469592318587929
030202030201,2018-01,11.1199897858215,5.26487902882365,0.673770479917926
030202030201,2018-02,6.48376414304846,12.7120707724099,0.82248568399768
030202030201,2018-03,14.4229846911949,16.0912027808993,0.63788738626347
030202030201,2018-04,11.3126618957613,15.492918795148,0.434441057026162
030202030201,2018-05,6.43185247678769,14.6940156200832,0.301624084893509
030202030201,2018-06,0.0652762675112425,10.2151986826591,0.204296707893034
030202030201,2018-07,2.25119517249105,2.76064388051871,0.251144262245222
030202030201,2018-08,0.328348690768136,1.56295159902525,0.226072873652208
030202030201,2018-09,0.508419040572918,0.196311853952325,0.220204620432713
030202030201,2018-10,19.9549961919225,9.77292913689524,0.653584135100321
030202030201,2018-11,9.64551548736718,16.497068350452,0.88135221699356
030202030201,2018-12,74.9891972407259,33.1218922047459,0.950521285908184
030202030201,2019-01,17.6317007005335,31.7387702933144,0.938954246995105
030202030201,2019-02,10.6047630211689,17.3422714655171,0.810467710737657
030202030201,2019-03,11.9565956230422,17.6982385090477,0.701676863432053
030202030201,2019-04,11.3397368176832,20.1558482807983,0.400851749947038
030202030201,2019-05,0.238967086348601,11.1021473452372,0.204529009099836
030202030201,2019-06,13.8174088271529,9.25606878790376,0.411541040110465
030202030201,2019-07,1.36415625448359,8.9797131096684,0.242453790884757
030202030201,2019-08,0.824197053852575,2.88743601817741,0.236744293298657
030202030201,2019-09,0.0935741494547015,0.258419594206135,0.172863402049851
030202030201,2019-10,0.222614571052238,0.0795137366249451,0.240683000693514
030202030201,2019-11,1.32519580909975,0.40999277298166,0.355920500219052
030202030201,2019-12,8.69880409561306,5.01970504836057,0.599165236593905
030202030201,2020-01,6.51270173468865,9.63114319258073,0.586632520362192
030202030201,2020-02,17.1664619627484,14.8157369540538,0.70965095778429
030202030201,2020-03,2.13133752052733,16.5206149317827,0.396135783497843
030202030201,2020-04,0.572590094590547,6.62206797189128,0.243329415449015
030202030201,2020-05,5.51011663643051,2.22887021802416,0.282030588413665
030202030201,2020-06,14.8832307981305,8.51384954538337,0.505463016077731
030202030201,2020-07,0.527502992556937,13.1311514378743,0.238603202263403
030202030201,2020-08,3.78143794516531,6.70770148211703,0.272665783536094
030202030201,2020-09,1.25924128877573,2.76587191376877,0.311400472986521
030202030201,2020-10,0.108342836728459,1.41882342563461,0.227617357697271
030202030201,2020-11,5.16678264562603,1.52566995495078,0.43119435570092
030202030201,2020-12,13.6990311261764,8.54794830428999,0.7274557012929
030202030201,2021-01,52.9136323002485,30.5593287572493,0.956280082122795
030202030201,2021-02,104.097877936146,52.1595757754346,0.962945580825537
030202030201,2021-03,7.08871923969048,34.4444529631052,0.590150742368549
030202030201,2021-04,0.900860597490439,13.7051707476975,0.234734509767153
030202030201,2021-05,0.518582881588549,3.90879137048893,0.20868314107914
030202030201,2021-06,7.45338941576731,4.28240126480831,0.353780567268738
030202030201,2021-07,0.71572403135619,3.77138034978469,0.214978135554402
030202030201,2021-08,0.213786674947677,0.599568542659624,0.206249736700577
030202030202,2013-01,0.510256212134028,0.013023756132599,0.250121984482632
030202030202,2013-02,5.04306197914863,0.0783060537045181,0.327088276767158
030202030202,2013-03,0.951942630586577,0.168586299582866,0.256648318293284
030202030202,2013-04,0.606351257888394,0.0644214142545,0.188664788214959
030202030202,2013-05,5.95485804999192,0.0400438368650038,0.224276158894617
030202030202,2013-06,1.38710224477973,0.0172337570021819,0.174862430602682
030202030202,2013-07,4.596549130977,0.0310090786543896,0.218922248978596
030202030202,2013-08,0.147027133719998,0.0218719631623108,0.170702422525682
030202030202,2013-09,0.0371620980390665,0.0044795882042378,0.136757238343175
030202030202,2013-10,0.139091781761462,0.0,0.1685225527684
030202030202,2013-11,2.12241498605927,0.0013730209251092,0.230764135134515
030202030202,2013-12,16.9579280680932,0.150224020210514,0.453585147722679
030202030202,2014-01,11.3150331340377,0.524378110811467,0.527055153573336
030202030202,2014-02,10.5672008317824,0.559357879088709,0.444051447505307
030202030202,2014-03,6.92262315769363,0.556362235888283,0.283651625183946
030202030202,2014-04,0.343644814006799,0.296942016125326,0.184098644543507
030202030202,2014-05,0.118331079653008,0.0515722261166585,0.138561568232021
030202030202,2014-06,0.10752302756009,0.0033822220669372,0.12333617976131
030202030202,2014-07,20.2870947482365,0.186676600457367,0.27181086292722
030202030202,2014-08,5.50870886455612,0.471797712197273,0.176724174820914
030202030202,2014-09,1.76549509740832,0.17273814414759,0.205153829102416
030202030202,2014-10,0.580540140173841,0.0684716678477107,0.19620548671702
030202030202,2014-11,5.88129642583441,0.0317854141643203,0.242309437578376
030202030202,2014-12,9.58425424403418,0.159052548034087,0.376200725961886
030202030202,2015-01,16.6086867719737,0.45352742517073,0.488140586530428
030202030202,2015-02,13.989030413989,0.568086435128709,0.451829489666185
030202030202,2015-03,6.56632043689891,0.701702767338318,0.342690633931329
030202030202,2015-04,1.31636169089377,0.348527193559139,0.189903342413825
030202030202,2015-05,3.35497222487896,0.120453890680115,0.200922724664242
030202030202,2015-06,1.70335702034207,0.0246543105308994,0.173460671705071
030202030202,2015-07,0.846285929033884,0.0024286826027171,0.172525783752005
030202030202,2015-08,0.206877192082231,0.0012079361648769,0.136423906704666
030202030202,2015-09,0.453718426588194,0.0002635497810499,0.173078990195566
030202030202,2015-10,12.0292488947373,0.193474556212459,0.282548287104021
030202030202,2015-11,0.476281836800594,0.104964250245861,0.201025925665832
030202030202,2015-12,15.9105688203518,0.0529079605416653,0.298158065789936
030202030202,2016-01,6.6438773756902,0.3568904694863,0.445195656729755
030202030202,2016-02,33.1127689538687,0.883912106641524,0.769289790348665
030202030202,2016-03,5.59273571482066,0.831636745914995,0.308326998647004
030202030202,2016-04,0.433404329934973,0.305077175410758,0.20050087056916
030202030202,2016-05,2.49769352812938,0.0571116063552092,0.217150958193463
030202030202,2016-06,17.8512895413141,0.171340591415843,0.250600164624605
030202030202,2016-07,1.6809328768853,0.0613127563283998,0.180094980626534
030202030202,2016-08,0.370957748962519,0.0030527848052364,0.136479888794247
030202030202,2016-09,1.86476453622046,0.0023613325843864,0.179913293889728
030202030202,2016-10,24.8858175784256,0.596558654649093,0.507137091985284
030202030202,2016-11,0.337251123648806,0.535566870561895,0.244413857377873
030202030202,2016-12,1.83693972272478,0.274058242579125,0.322251417337938
030202030202,2017-01,9.45946927031985,0.327658104990051,0.397127970986119
030202030202,2017-02,0.311414854213555,0.206424834980249,0.21959224831622
030202030202,2017-03,0.530369047287003,0.0591553944056838,0.211773810158484
030202030202,2017-04,0.32492488195987,0.0126615601170615,0.197169862374648
030202030202,2017-05,1.5032957175966,0.0079294063627008,0.199487894820861
030202030202,2017-06,0.53849692372458,0.007877198925153,0.163851827787615
030202030202,2017-07,1.35666548844047,0.008719714317987,0.200900047667827
030202030202,2017-08,0.838245619178406,0.0026869545251508,0.175375747728729
030202030202,2017-09,28.2129444339187,0.382020556139517,0.373675044408997
030202030202,2017-10,0.418379509538459,0.231089016700787,0.208484299873567
030202030202,2017-11,0.202457200469438,0.0274281546338039,0.230705707666997
030202030202,2017-12,6.82253354718784,0.0672996362792042,0.380121484917381
030202030202,2018-01,21.3411344694799,0.23673504207406,0.488066937913801
030202030202,2018-02,12.2586141023103,0.552818437959878,0.467161551416842
030202030202,2018-03,6.65522297422845,0.569709254365008,0.324009441806163
030202030202,2018-04,11.647833178109,0.388181727262582,0.274637275772636
030202030202,2018-05,3.18702157851734,0.263804075477411,0.196158882264997
030202030202,2018-06,0.173436083036185,0.099176664359926,0.159942023772144
030202030202,2018-07,0.747029905103324,0.024400318407177,0.172175739637893
030202030202,2018-08,0.322741799692697,0.0138144029435151,0.151677222759192
030202030202,2018-09,0.348328663094758,0.001735036135909,0.139419664434588
030202030202,2018-10,25.0723251837139,0.26666911683994,0.459004547894956
030202030202,2018-11,14.0014900682527,0.60349039453638,0.472956546340613
030202030202,2018-12,26.5698800215972,0.897033211372756,0.561545630473317
030202030202,2019-01,11.8423685423939,0.980863754496942,0.515043567053451
030202030202,2019-02,1.50220817353034,0.679927128474946,0.294971361422244
030202030202,2019-03,1.74129242562163,0.521363637393828,0.267540430876401
030202030202,2019-04,2.47637558667848,0.328482525301417,0.24091834627549
030202030202,2019-05,0.417895672455993,0.102070816155072,0.162015248643011
030202030202,2019-06,31.1058578301203,0.334839215168946,0.305394577473322
030202030202,2019-07,0.854993223007647,0.284288692336275,0.181767483837123
030202030202,2019-08,0.876007006241223,0.0371932015508932,0.185970114274925
030202030202,2019-09,0.308865014781143,0.0022840975257338,0.163041586057149
030202030202,2019-10,0.423439984172624,0.0007027993741914,0.189646137082154
030202030202,2019-11,1.46936795199698,0.0040099813833858,0.284322517937009
030202030202,2019-12,2.49858844475868,0.0827245085154427,0.32715645477445
030202030202,2020-01,0.382172455287583,0.0888372992070033,0.211275505762855
030202030202,2020-02,15.9376840408351,0.259551096340635,0.381792579260712
030202030202,2020-03,0.341072042824318,0.313040968388024,0.189560569658329
030202030202,2020-04,1.13169891977746,0.0729797884660843,0.192284636874876
030202030202,2020-05,0.904522747701433,0.0226352493767242,0.195387930909334
030202030202,2020-06,21.3216217189987,0.162710051420991,0.299172989543931
030202030202,2020-07,0.38126043791725,0.259264713542052,0.152161050397888
030202030202,2020-08,16.1471889482419,0.198711692099765,0.241618293418225
030202030202,2020-09,2.10955276371044,0.0604636978708358,0.233214821956578
030202030202,2020-10,0.0569406350548817,0.0173500682655269,0.163225496792481
030202030202,2020-11,0.445150269777136,0.0134849641719109,0.19310651358083
030202030202,2020-12,9.27112701360875,0.0964522190244183,0.341726461974829
030202030202,2021-01,27.1326959271264,0.600079349068559,0.588612849430768
030202030202,2021-02,46.8051756346944,6.68845322380453,0.830134410283642
030202030202,2021-03,7.4677739850388,15.2271686820719,0.435256224851469
030202030202,2021-04,3.29618102872551,6.69359390945966,0.189231062755935
030202030202,2021-05,2.30374905593682,3.03555055191435,0.171835455913898
030202030202,2021-06,4.95876104006277,1.52417672163715,0.220494240078542
030202030202,2021-07,2.29521392753105,0.910518839206343,0.182888807410255
030202030202,2021-08,1.07896235186025,0.535159973834503,0.149869869202942
030202030203,2013-01,1.93810684209442,1.30766031419586,0.445775429773191
030202030203,2013-02,11.4190922999748,4.48459177877139,0.515419992604655
030202030203,2013-03,3.19086136400688,10.5620223824396,0.452909420416239
030202030203,2013-04,0.688882768660653,5.63887313911744,0.239243705298004
030202030203,2013-05,1.91289468350334,1.75621669448789,0.2392164897541
030202030203,2013-06,2.60183630376404,1.48336624913394,0.263913547928022
030202030203,2013-07,0.927208612959388,1.05938087549602,0.247024009601273
030202030203,2013-08,0.249196759810526,0.158183211684145,0.200574843294496
030202030203,2013-09,0.0494405768857728,0.0001838836395926,0.175120510173645
030202030203,2013-10,0.0479015568319573,0.0,0.196621421753716
030202030203,2013-11,1.43329400148952,0.130138734808037,0.281747133342481
030202030203,2013-12,13.3139179159707,4.43016388137965,0.65168357762395
030202030203,2014-01,7.60627001612191,16.1310441439866,0.875705821828433
030202030203,2014-02,6.34168359702568,14.8832296163488,0.844883573907816
030202030203,2014-03,23.3377870252363,16.4577314851078,0.693756554074709
030202030203,2014-04,1.76406080917841,11.6301885950085,0.287457552259035
030202030203,2014-05,0.436255458671883,4.06119228021435,0.187812966058366
030202030203,2014-06,0.241325250922998,0.341026673976873,0.166247398982699
030202030203,2014-07,13.9544562112522,3.78542227253525,0.404445378804985
030202030203,2014-08,29.4989926720481,23.6566841710118,0.441884399829157
030202030203,2014-09,4.30235264278593,12.9148810215329,0.349196868267303
030202030203,2014-10,0.854007039761463,6.15516280642235,0.244922274634483
030202030203,2014-11,5.37016698584503,2.32289265081818,0.310440705095035
030202030203,2014-12,9.50239991961542,6.09167938300443,0.598148923754365
030202030203,2015-01,20.3385186105441,16.0768013622472,0.846163905584998
030202030203,2015-02,27.3880395259091,16.9629277507412,0.863435508676434
030202030203,2015-03,13.4967399383243,18.5514090860582,0.739070093172391
030202030203,2015-04,1.56879380187678,10.6565711762286,0.289177268640807
030202030203,2015-05,3.45655715157966,5.70218467748042,0.268324177282384
030202030203,2015-06,0.421537649690762,1.74875559253609,0.185719797030615
030202030203,2015-07,0.582766726570936,0.208854018664575,0.224742988348347
030202030203,2015-08,0.281852718724893,0.121757997637138,0.192572669865908
030202030203,2015-09,0.207681221935211,0.0262845480217945,0.199644843904537
030202030203,2015-10,7.97419968228095,5.17557898250701,0.399043364069464
030202030203,2015-11,0.994503727632617,3.8217702822977,0.341943744831552
030202030203,2015-12,11.6012359914117,2.34370554902839,0.383025173959687
030202030203,2016-01,6.55475735131165,11.075484859668,0.764737627644493
030202030203,2016-02,78.9583412792793,26.9894346843342,0.86405751803123
030202030203,2016-03,4.62567731349924,17.477334080724,0.405809531445814
030202030203,2016-04,0.614004742001368,6.43391041123124,0.206529387643937
030202030203,2016-05,0.90415974443516,1.62543329224454,0.222283240048112
030202030203,2016-06,7.63729257823964,3.86451207260711,0.305346733891191
030202030203,2016-07,0.918313618639876,2.69148096695555,0.205030930875127
030202030203,2016-08,0.385114541117216,0.313141490271402,0.168227580158793
030202030203,2016-09,7.69966859436431,0.228644493455629,0.252196261931474
030202030203,2016-10,18.4702891589687,15.1105940501567,0.64583210603416
030202030203,2016-11,0.65818102599735,11.686184595,0.367004153916978
030202030203,2016-12,3.55554828019285,6.41267958939528,0.472774652591941
030202030203,2017-01,11.2868234067035,10.188057734271,0.683282907555413
030202030203,2017-02,1.95761152556644,8.42652752342104,0.439811850822755
030202030203,2017-03,0.373527455093938,4.43388154330128,0.237814315956775
030202030203,2017-04,0.160234499974195,0.883872049352241,0.182492950458185
030202030203,2017-05,1.81415831728265,0.538245802381442,0.253970652521209
030202030203,2017-06,1.80141981336557,0.62899775873127,0.248796325596742
030202030203,2017-07,0.544200767926117,0.752143160704553,0.218781915984046
030202030203,2017-08,0.215380665895418,0.126233322082001,0.196006138327653
030202030203,2017-09,12.6574303926935,7.25692847134238,0.390609644206052
030202030203,2017-10,0.621276472983078,5.2451159235113,0.233921126603585
030202030203,2017-11,0.195593494955909,1.79704424164986,0.24318509858849
030202030203,2017-12,4.08286967887967,1.89381081411193,0.463882124943407
030202030203,2018-01,11.5445098952072,4.90444445074571,0.649650078294588
030202030203,2018-02,6.87697448127439,11.6209728625093,0.77233543614398
030202030203,2018-03,13.5950693562541,14.3277052441538,0.601876783004908
030202030203,2018-04,11.1568670547471,13.7481795115166,0.413208884469097
030202030203,2018-05,6.24445998368514,13.0079450143707,0.284556966017145
030202030203,2018-06,0.103748918980478,9.03273873796943,0.193463231742187
030202030203,2018-07,2.0762705934877,2.44200048499072,0.236119603123921
030202030203,2018-08,0.341166332095047,1.3805681322283,0.21235989471871
030202030203,2018-09,0.546154891072539,0.173775483282512,0.207336576667663
030202030203,2018-10,23.0820390024487,8.98513261898248,0.622139145249221
030202030203,2018-11,9.99514999119704,14.8175461599403,0.82711587032878
030202030203,2018-12,68.7037016517139,29.5106344415521,0.904243394160411
030202030203,2019-01,16.7286685684226,28.2429839679207,0.880737010023848
030202030203,2019-02,9.7816903254107,15.4272376232246,0.747682361362165
030202030203,2019-03,11.0468998986087,15.7356606748688,0.649969298979279
030202030203,2019-04,10.6730967516992,17.9022815328455,0.380971800538362
030202030203,2019-05,0.349491772492445,9.81968462579259,0.193961379644152
030202030203,2019-06,14.03131616178,8.18488106886793,0.389379013103538
030202030203,2019-07,1.41072581496639,7.93575862935442,0.230161519521185
030202030203,2019-08,0.836391381666724,2.54970935486666,0.225995452457143
030202030203,2019-09,0.123577228630077,0.228780071651683,0.166397428031621
030202030203,2019-10,0.264616244753175,0.0705211857154991,0.229502782890188
030202030203,2019-11,1.41908903911784,0.36444665411028,0.346419727259232
030202030203,2019-12,8.03047224466773,4.49171815717511,0.565969106075445
030202030203,2020-01,6.00160903972715,8.58338355397333,0.546401629832266
030202030203,2020-02,17.1708912001481,13.4540476795773,0.671358450247808
030202030203,2020-03,2.24602003594065,14.6879542409742,0.371455607034357
030202030203,2020-04,0.900999779112229,5.86377109781495,0.233262780229104
030202030203,2020-05,5.09561746032721,1.97938116713069,0.267749918113888
030202030203,2020-06,14.5823926458846,7.52217497278567,0.476321161795008
030202030203,2020-07,0.5246781780075,11.5940474270911,0.223639653938918
030202030203,2020-08,5.03789909139777,6.17347238583121,0.26350193385233
030202030203,2020-09,1.54615908940493,2.48198834693337,0.302490803772305
030202030203,2020-10,0.24045024175385,1.26961534859893,0.218942170597926
030202030203,2020-11,4.946282978822,1.5598806982334,0.410423912137849
030202030203,2020-12,13.3322797227311,7.74772012221892,0.691867510032764
030202030203,2021-01,49.0767333479597,27.2842934252961,0.91085606783326
030202030203,2021-02,97.7935043749907,47.5144031378517,0.938386173591825
030202030203,2021-03,7.36866156583915,31.7979859766713,0.556914523516684
030202030203,2021-04,1.19626541953924,12.5118656437796,0.227082379859196
030202030203,2021-05,0.651803100889513,3.62814780568911,0.198598517864659
030202030203,2021-06,7.08311383309875,3.86430702857473,0.331865837381525
030202030203,2021-07,0.81680639254724,3.37891407742137,0.205169954614169
030202030203,2021-08,0.289514343957967,0.559754003311844,0.195679588930988
030202030301,2013-01,3.40631816479612,3.01903116421706,0.738863878570751
030202030301,2013-02,28.0937056295799,12.344356449817,0.901668812407843
030202030301,2013-03,9.00957387405151,20.52214321537,0.837715774628016
030202030301,2013-04,3.69032933808004,12.977860274631,0.520567052522642
030202030301,2013-05,2.59974971640177,8.62053387218151,0.371463680298837
030202030301,2013-06,7.43243890965329,9.87764708870961,0.545731548179027
030202030301,2013-07,7.08186288569417,17.0253378775149,0.547289696114967
030202030301,2013-08,0.186809407191239,12.5307581506441,0.203133843726791
030202030301,2013-09,0.018246352430793,5.86712782217731,0.185244475645584
030202030301,2013-10,0.0355579984435579,2.69611186030936,0.21737973735973
030202030301,2013-11,0.62189667582062,1.31246315463454,0.361281763926795
030202030301,2013-12,35.9255255782535,8.20497296292679,0.886961498028266
030202030301,2014-01,32.4823492854832,23.0884191133308,0.955155151196649
030202030301,2014-02,23.9563448204447,18.5484424204384,0.93652133391973
030202030301,2014-03,54.0257110339655,18.4507000211301,0.786426920587252
030202030301,2014-04,3.21434116834796,13.9085695608841,0.373565241883221
030202030301,2014-05,1.00741227404449,8.07314623646571,0.221438874545067
030202030301,2014-06,0.208405935077926,3.40567976051286,0.164799279169267
030202030301,2014-07,17.2659176803848,9.6960078133534,0.630219283155059
030202030301,2014-08,5.06532238491043,15.0697372584286,0.418429660995293
030202030301,2014-09,0.588639355171048,8.07941699133506,0.289992405720701
030202030301,2014-10,0.24851043049699,4.10940225084994,0.259514155712822
030202030301,2014-11,3.25038140020359,2.12410234696293,0.3919856011464
030202030301,2014-12,37.6239287879822,7.12785993890498,0.895807195301703
030202030301,2015-01,69.495153578696,21.7967259278203,0.957618294868541
030202030301,2015-02,51.3525189270031,22.6749196903449,0.951983055638672
030202030301,2015-03,9.72868034171673,24.9968183983768,0.821314589259022
030202030301,2015-04,5.4622707259414,14.5771549787881,0.599655372325579
030202030301,2015-05,24.4666291186861,20.4591298230107,0.563714425891461
030202030301,2015-06,1.35609854212777,14.1416600282604,0.287345528483278
030202030301,2015-07,0.581456282442823,7.41906173755178,0.282673639203674
030202030301,2015-08,0.234185999503113,3.71170307942274,0.220021580384695
030202030301,2015-09,0.199519263132515,1.50516628665334,0.244139988951471
030202030301,2015-10,5.29400488729277,6.95102260427589,0.678486028900975
030202030301,2015-11,4.92066881671076,8.43536296281908,0.777011807601634
030202030301,2015-12,50.3726587577784,11.2685063685361,0.817789462353902
030202030301,2016-01,27.1253965310317,21.9659778130208,0.937915219431241
030202030301,2016-02,101.827266854315,28.9226205183605,0.911724352621662
030202030301,2016-03,3.50889322632335,20.2667246677833,0.52312253488425
030202030301,2016-04,0.607650980826721,10.3028151894584,0.281141224093603
030202030301,2016-05,1.34636022459446,6.02203302219163,0.365202818049905
030202030301,2016-06,3.19644645515547,5.72242252674977,0.434333979183369
030202030301,2016-07,0.240641473308579,4.80992674676401,0.200529171381392
030202030301,2016-08,0.142875486599942,2.16214947983785,0.179925975052659
030202030301,2016-09,2.4911109988707,0.617553270584229,0.241495496033689
030202030301,2016-10,87.0771475913746,13.0322488132842,0.708371574092477
030202030301,2016-11,0.152852625093544,11.6379161569859,0.380995341672578
030202030301,2016-12,2.46485024375904,7.2770405082534,0.670742595780725
030202030301,2017-01,33.5483104263569,17.5620724103799,0.934757698981357
030202030301,2017-02,4.3395307833931,12.0487017087628,0.751296632289966
030202030301,2017-03,0.854333335219839,8.66545612585461,0.424437101645231
030202030301,2017-04,0.635141063427039,4.59085554481226,0.23407197647353
030202030301,2017-05,0.593716707419505,2.49490429196853,0.304500124717785
030202030301,2017-06,0.462852494291515,1.69515769412506,0.24040408866237
030202030301,2017-07,0.455133867811435,1.11404007066062,0.226423248498333
030202030301,2017-08,0.175828108897613,0.907958754499285,0.276078033904861
030202030301,2017-09,1.21737190798177,1.57543252363834,0.407480775893686
030202030301,2017-10,0.124948406718797,1.1657306123741,0.274673365932288
030202030301,2017-11,0.0523518928118559,0.699707042137435,0.308340488906158
030202030301,2017-12,3.15824001348533,2.0117605572933,0.690272183703266
030202030301,2018-01,72.6679177937382,13.4295670507323,0.933891916991113
030202030301,2018-02,24.5880423718189,21.9153905449093,0.854400431159183
030202030301,2018-03,15.1251925585688,19.4961977134592,0.849897549327498
030202030301,2018-04,9.91684640470609,18.8160748803324,0.694120240858331
030202030301,2018-05,9.01869307579344,16.9801082231617,0.438610996529226
030202030301,2018-06,0.742683800072329,15.807209411943,0.318023407835079
030202030301,2018-07,0.262895043709139,8.97076295755669,0.212784370127373
030202030301,2018-08,1.3994787857458,4.66517969185971,0.331716339329066
030202030301,2018-09,0.18125644211262,2.67119780876968,0.203743631677387
030202030301,2018-10,7.6374428525364,6.24596437418104,0.662847862309066
030202030301,2018-11,35.6977515097144,17.4652730232939,0.945620395019854
030202030301,2018-12,82.1730441578728,27.0144773818925,0.965925569411226
030202030301,2019-01,32.45467348969,28.1297181551108,0.953050637811926
030202030301,2019-02,18.1646581484946,18.6498050463751,0.863916880840367
030202030301,2019-03,22.9529038498595,21.9929328690663,0.823281262967023
030202030301,2019-04,8.25721189556111,22.4685785702266,0.590045798663385
030202030301,2019-05,0.614419229278573,13.3694845254561,0.205139471792677
030202030301,2019-06,8.43484794228665,15.7125323245628,0.563076119244453
030202030301,2019-07,1.73829547160663,14.0841871398398,0.300525952239774
030202030301,2019-08,0.199967880577127,7.95291154936443,0.183334314088826
030202030301,2019-09,0.150217059698539,3.69061084247553,0.198915099130582
030202030301,2019-10,0.0983962123139416,1.75036366259976,0.261823687723733
030202030301,2019-11,0.857010820772614,1.19831910859622,0.460461910068717
030202030301,2019-12,4.56905624711175,4.3779160177589,0.854826317499407
030202030301,2020-01,3.95052224581167,8.66517605602698,0.909914120111016
030202030301,2020-02,68.6860356306872,19.2936754126096,0.921378811436366
030202030301,2020-03,4.85030474243575,20.4641653143966,0.57614282135644
030202030301,2020-04,2.15984340552652,9.81845899550744,0.359577134494036
030202030301,2020-05,0.839727458277895,6.99136038989091,0.451156584575242
030202030301,2020-06,12.3695509253639,7.46594413409229,0.516582051552126
030202030301,2020-07,1.6748944201177,9.17316597452838,0.170541521541579
030202030301,2020-08,2.95337763661529,6.74481425247642,0.40261201218419
030202030301,2020-09,4.5145262747283,5.35298224979155,0.512516780631884
030202030301,2020-10,0.541892969274179,7.42663411229619,0.478885591523793
030202030301,2020-11,3.14887352811701,5.03358275906093,0.561745984716987
030202030301,2020-12,53.5451792701494,13.3204488733105,0.895421764578089
030202030301,2021-01,68.0672971158769,30.1343282947599,0.962145082706473
030202030301,2021-02,174.768232513539,43.1928898150675,0.970446405003292
030202030301,2021-03,6.765671422116,33.5826190197441,0.667620102940239
030202030301,2021-04,0.935185343898276,15.6248285963163,0.299429638483703
030202030301,2021-05,0.345030073914626,7.49170322851077,0.219916290859088
030202030301,2021-06,5.00080162867896,6.85377413466317,0.499248909098379
030202030301,2021-07,0.394093065714655,6.68661263195839,0.264696847886621
030202030301,2021-08,0.132110111383519,3.50237300687958,0.171314177349153
030202030302,2013-01,3.18674325673839,2.92431312812053,0.730811944652941
030202030302,2013-02,27.5400733913789,12.2021691269664,0.895240094546271
030202030302,2013-03,8.78403172195484,20.3401197534528,0.830388420125348
030202030302,2013-04,3.21015708111891,12.8215633704511,0.512034724648551
030202030302,2013-05,1.8207487146302,8.43071736671305,0.361470745038254
030202030302,2013-06,6.5070465078181,9.62831369175889,0.537341585933406
030202030302,2013-07,6.90247246368619,16.9151784264048,0.542129795612093
030202030302,2013-08,0.127650152733869,12.4593365566189,0.199311476983507
030202030302,2013-09,0.0060933899654572,5.80679993394095,0.182219334290774
030202030302,2013-10,0.0268280585143225,2.66531077356975,0.213517284393222
030202030302,2013-11,0.49942959200981,1.29704294636265,0.356531644274192
030202030302,2013-12,35.5233258506839,8.15715752490946,0.880759632828914
030202030302,2014-01,32.3264573789137,22.8800561808353,0.944568453941602
030202030302,2014-02,23.5754343583623,18.3540639358832,0.928155470097321
030202030302,2014-03,53.1411039560418,18.379645939779,0.778378052603982
030202030302,2014-04,0.731581462090023,13.8903091913412,0.364627601084304
030202030302,2014-05,0.247710952032456,7.86944426730743,0.212120423491851
030202030302,2014-06,0.140185084063177,3.3800619971043,0.16096441752361
030202030302,2014-07,17.3735431476943,9.780787724277,0.629232366293364
030202030302,2014-08,4.77097384263959,15.159067039039,0.414286762357301
030202030302,2014-09,0.57046930410255,8.16694689990451,0.287885879991935
030202030302,2014-10,0.231350400709207,4.17856524572191,0.255483007717208
030202030302,2014-11,2.85882301712248,2.16135705167991,0.386876564580741
030202030302,2014-12,37.2390296036223,7.10520910089459,0.887271399820582
030202030302,2015-01,69.3001118576437,21.6159956598457,0.949323549952508
030202030302,2015-02,50.6170760394847,22.4600070760184,0.942235467436126
030202030302,2015-03,9.23406083087417,24.7297770401666,0.813748042979615
030202030302,2015-04,5.00935613226177,14.4398990398402,0.592417552991484
030202030302,2015-05,24.426454186496,20.3830640590473,0.558036656175156
030202030302,2015-06,1.29569482428444,14.107620249584,0.282056633424369
030202030302,2015-07,0.548010354044232,7.39436679666042,0.279779966647323
030202030302,2015-08,0.213991149777825,3.69348280566654,0.21725567761569
030202030302,2015-09,0.183101405788224,1.49551038879481,0.241083040743496
030202030302,2015-10,4.95584435007051,6.9712592352397,0.671025620058568
030202030302,2015-11,4.70811592230374,8.3995240550548,0.769392312304996
030202030302,2015-12,50.3012837818668,11.199731363057,0.810550186010276
030202030302,2016-01,26.909137876939,21.8104807841127,0.928758311036551
030202030302,2016-02,100.232919843087,28.7695142672472,0.905346807492162
030202030302,2016-03,3.24802190225803,20.3247322084542,0.514120494678736
030202030302,2016-04,0.447638207182845,10.3524005716753,0.271575535561676
030202030302,2016-05,0.954889829688249,6.00748361073893,0.357491278208279
030202030302,2016-06,2.90280729197394,5.6151965956691,0.427183462836309
030202030302,2016-07,0.175369170504917,4.72494653345699,0.197218731548612
030202030302,2016-08,0.119433763692879,2.12461435273969,0.17614099674761
030202030302,2016-09,1.06016171121067,0.597909798909832,0.237152495014391
030202030302,2016-10,87.0288490531167,12.9033058981501,0.699978287692874
030202030302,2016-11,0.0516367842121291,11.7084684282876,0.372015004330351
030202030302,2016-12,2.11002793297672,7.27939471150636,0.661267429167449
030202030302,2017-01,32.9343093421798,17.4090826253623,0.925544182058393
030202030302,2017-02,4.28184207686241,11.9857103130086,0.74403760023283
030202030302,2017-03,0.765746369168672,8.63659726521525,0.417091023776986
030202030302,2017-04,0.248546882454963,4.53957132823127,0.226709488974327
030202030302,2017-05,0.496406751096887,2.40629511180426,0.299010160341336
030202030302,2017-06,0.232859255452268,1.56461275971939,0.232727069580243
030202030302,2017-07,0.279223423308918,0.962947989854088,0.221456651069951
030202030302,2017-08,0.122776026393422,0.787018888745845,0.270125299271712
030202030302,2017-09,0.862512942650725,1.41887506778042,0.398988721915625
030202030302,2017-10,0.10011232802371,1.08545243857668,0.270157669878503
030202030302,2017-11,0.0365678762341462,0.647170277534863,0.301442431053858
030202030302,2017-12,2.96369513739557,1.95944063821658,0.68610831607635
030202030302,2018-01,72.7999433434954,13.4503888379585,0.928434398556694
030202030302,2018-02,24.1979699083063,21.7814079706526,0.845159491366732
030202030302,2018-03,14.5960482176983,19.3076947758769,0.843531236488594
030202030302,2018-04,8.83194841714049,18.6709909902942,0.687182041594773
030202030302,2018-05,6.53696147517113,16.8697816846375,0.430459817956911
030202030302,2018-06,0.300755157761775,15.6890406292467,0.312839483797073
030202030302,2018-07,0.169875427138219,9.05660637043775,0.208255302423779
030202030302,2018-08,0.757398591749373,4.65150451872454,0.324960161406448
030202030302,2018-09,0.118688996171109,2.60199549189756,0.198909772549996
030202030302,2018-10,6.19652348652733,6.12117051124323,0.654371490775246
030202030302,2018-11,35.3340171627399,17.3048743716723,0.935845568549116
030202030302,2018-12,81.6564232953822,26.8100698421883,0.958184558750237
030202030302,2019-01,32.142281505283,27.9532327062883,0.944626157803664
030202030302,2019-02,17.6235831484338,18.5341271305393,0.856567353423797
030202030302,2019-03,21.7883644205623,21.6832026722467,0.816056448981917
030202030302,2019-04,7.50508407949074,22.2559490566985,0.583787267247345
030202030302,2019-05,0.540079313765379,13.33543287717,0.200932364546812
030202030302,2019-06,8.36966218006285,15.743038168268,0.557781577903331
030202030302,2019-07,1.65640679837599,14.0833152204166,0.295632664528118
030202030302,2019-08,0.136331284227951,7.91434556760362,0.17891559840894
030202030302,2019-09,0.134432663034071,3.63926568845881,0.195732111093712
030202030302,2019-10,0.0729787805393028,1.71751660111129,0.256949656496461
030202030302,2019-11,0.67375227595225,1.14604423723089,0.453083772559821
030202030302,2019-12,4.19734455360645,4.2346597890298,0.845581547225009
030202030302,2020-01,3.57297895607084,8.45215498706084,0.900564890561893
030202030302,2020-02,67.8730300267467,19.0869938986861,0.912865309399759
030202030302,2020-03,4.70913175170747,20.4095110780626,0.568755606428613
030202030302,2020-04,1.86800725045525,9.76909282494922,0.350986725321964
030202030302,2020-05,0.637674780616365,6.92948562879911,0.444025908925704
030202030302,2020-06,11.6023298160865,7.30801429880032,0.508772073532077
030202030302,2020-07,1.60736761867933,9.07440619430618,0.166276233593693
030202030302,2020-08,2.75198723734577,6.69947710463541,0.398299662711404
030202030302,2020-09,4.18830676192124,5.29779860445494,0.506977892704058
030202030302,2020-10,0.354860203305889,7.32352102171117,0.468648468668254
030202030302,2020-11,1.9637351050666,4.90230944853764,0.551743659966494
030202030302,2020-12,53.0122131171022,13.0977509815762,0.888383553048892
030202030302,2021-01,67.6321542848922,29.9023417493865,0.955755145997873
030202030302,2021-02,173.088653229205,42.8989608177554,0.967491630131709
030202030302,2021-03,6.11933299352404,33.7437670027459,0.661168340115168
030202030302,2021-04,0.807177982574906,15.8900158075546,0.293407018394958
030202030302,2021-05,0.283148949648019,7.76401071837964,0.215905014228342
030202030302,2021-06,4.53309299428621,6.98751068505668,0.492359807089281
030202030302,2021-07,0.257345199961022,6.71418813733118,0.257718305738813
030202030302,2021-08,0.119825779575946,3.50750140515943,0.167832852406942
030202030303,2013-01,3.1125019809305,2.84460613167685,0.712168360967439
030202030303,2013-02,26.5257644601451,11.8123879406492,0.870529335850549
030202030303,2013-03,8.46203000812159,19.6635618737588,0.802657682776955
030202030303,2013-04,3.16685661999492,12.4132254787529,0.494868855321919
030202030303,2013-05,1.85437727839982,8.27250449644057,0.34952659644
030202030303,2013-06,6.41016111088596,9.37379042763023,0.520619308690199
030202030303,2013-07,6.67088590882105,16.327415048664,0.521815687689582
030202030303,2013-08,0.18314049689265,12.0210564957037,0.192641571017001
030202030303,2013-09,0.0253430072312515,5.61823522689853,0.176029016236221
030202030303,2013-10,0.0432284904127327,2.59239795217376,0.206907233486404
030202030303,2013-11,0.561493394497437,1.28498952615769,0.349455217870095
030202030303,2013-12,34.279349161627,8.03503526252726,0.86450074288184
030202030303,2014-01,31.1018592111711,22.2152141646633,0.916527705842073
030202030303,2014-02,22.7007280728556,17.7568190761504,0.903324510307192
030202030303,2014-03,51.3035927609379,18.4016697464414,0.755223290676563
030202030303,2014-04,0.890789019558152,14.0096556293525,0.353412444648302
030202030303,2014-05,0.306537784272658,8.21425009067323,0.205631647433562
030202030303,2014-06,0.191021902713895,3.7032983400448,0.15548693765888
030202030303,2014-07,16.7782327835694,9.73436917343618,0.608075503264423
030202030303,2014-08,4.97750840003367,15.0502109406994,0.401744275695399
030202030303,2014-09,0.666553548414935,8.1929614577322,0.280169023716613
030202030303,2014-10,0.278634541103657,4.27461253509415,0.249688752978158
030202030303,2014-11,2.9027188460779,2.30186159525895,0.381867047118276
030202030303,2014-12,35.9062988955648,7.20502477131585,0.864691541236689
030202030303,2015-01,66.6570963374324,21.1947482951034,0.927499023599837
030202030303,2015-02,48.7271938517935,21.877099029939,0.918041335714548
030202030303,2015-03,8.98157314290924,24.1228583618628,0.790915512564485
030202030303,2015-04,4.92819331041585,14.1912134898362,0.573349790080626
030202030303,2015-05,23.5216212043056,19.8168806645388,0.537991428840227
030202030303,2015-06,1.30143897545327,13.7138942629198,0.27205014017019
030202030303,2015-07,0.613589298630316,7.22711351006418,0.269923113748954
030202030303,2015-08,0.261568152922673,3.63989883299841,0.210502388190247
030202030303,2015-09,0.226659785280023,1.50185030311684,0.233371953717375
030202030303,2015-10,4.87633802268527,6.92467504514345,0.648854317817686
030202030303,2015-11,4.58189655474099,8.24738915148637,0.742931270680552
030202030303,2015-12,48.4046117199353,10.8968094905637,0.785935069797293
030202030303,2016-01,25.8870005308128,21.1531478855444,0.904288782614805
030202030303,2016-02,96.8861145690421,28.4929063408483,0.885716793391999
030202030303,2016-03,3.18397628590722,20.2540930496942,0.495906576710763
030202030303,2016-04,0.48996476952984,10.4405641396126,0.262746722164312
030202030303,2016-05,0.994706955154863,6.20153852379235,0.345534514654497
030202030303,2016-06,2.91499744830567,5.69140636762488,0.412033552314217
030202030303,2016-07,0.240700515348744,4.7572170521959,0.190648305621121
030202030303,2016-08,0.206856044968234,2.25550189906245,0.170447780126426
030202030303,2016-09,1.29483473448406,0.750571478665614,0.230776856481935
030202030303,2016-10,83.801663661842,12.9438858284278,0.678523865444087
030202030303,2016-11,0.0915339891711636,11.6822296247688,0.361228622374703
030202030303,2016-12,2.10509761573047,7.31717735871808,0.6461666887447
030202030303,2017-01,31.724446859768,16.9633944394999,0.900690679113063
030202030303,2017-02,4.12748349155985,11.661254982634,0.716628509954463
030202030303,2017-03,0.777165790087316,8.41051876003228,0.404721328692292
030202030303,2017-04,0.318007720283701,4.54952789037481,0.219512954304666
030202030303,2017-05,0.585065260147816,2.47359536594029,0.288871340204979
030202030303,2017-06,0.336236137020512,1.61823818367207,0.225024807031394
030202030303,2017-07,0.397809107318806,1.02480526837955,0.215245371380045
030202030303,2017-08,0.196064087766835,0.940406390650635,0.261286091968041
030202030303,2017-09,0.965295500896147,1.52880519490304,0.388299007889782
030202030303,2017-10,0.150389315753981,1.15805088284891,0.261024700205084
030202030303,2017-11,0.0549971563859947,0.700077642156439,0.291986735269563
030202030303,2017-12,2.91414974929657,1.97730117614435,0.674012664079178
030202030303,2018-01,69.9517864677002,13.0983547483955,0.905442393292161
030202030303,2018-02,23.2746516105625,21.1168896714525,0.819888395022809
030202030303,2018-03,14.1000124340763,18.720451481632,0.820368216437477
030202030303,2018-04,8.69290968612192,18.1201870882484,0.665624839074612
030202030303,2018-05,6.80566168019037,16.685505730289,0.416496323488663
030202030303,2018-06,0.402562867847362,15.8917567519955,0.301700095292
030202030303,2018-07,0.255604176799825,9.2969716843596,0.202232094879895
030202030303,2018-08,0.829115096180886,4.89647087123168,0.313413183362904
030202030303,2018-09,0.191702513006612,2.79901025712974,0.192629456398905
030202030303,2018-10,6.85676278879045,6.4544472852337,0.637856134149328
030202030303,2018-11,34.0012601790047,17.1647466062061,0.910325585597298
030202030303,2018-12,78.6626501204615,26.3677731110559,0.935538849376541
030202030303,2019-01,30.9480900668888,27.4442741679039,0.920515168617692
030202030303,2019-02,16.9771128732737,18.1724176009051,0.833916118081909
030202030303,2019-03,20.9999283732117,21.1105772932781,0.792225995306804
030202030303,2019-04,7.30800293826302,21.720750516933,0.565532558009368
030202030303,2019-05,0.578862011520919,13.0825740343086,0.193882285654017
030202030303,2019-06,8.15443119258307,15.3017414697831,0.53798342067439
030202030303,2019-07,1.70022118501794,13.6595104472615,0.28628230558586
030202030303,2019-08,0.238824773392088,7.69958988148434,0.173369568491839
030202030303,2019-09,0.171774563797894,3.56503510036338,0.188859853462969
030202030303,2019-10,0.119860941381543,1.70292553783942,0.249333826831552
030202030303,2019-11,0.706062991212997,1.14176331542528,0.443097621478754
030202030303,2019-12,4.13748212330163,4.11130168709169,0.82403666432951
030202030303,2020-01,3.48563905710233,8.15021333409184,0.872319521092469
030202030303,2020-02,65.2715301306753,18.6290238082084,0.885607256759476
030202030303,2020-03,4.56182344067139,19.9609162421302,0.549397574122
030202030303,2020-04,1.91285516118054,9.67025666635264,0.340939342949365
030202030303,2020-05,0.719918198518561,6.9461510353685,0.429007742051361
030202030303,2020-06,11.3248233665193,7.29178290560476,0.494465972777512
030202030303,2020-07,1.60237678573935,8.92816209529658,0.161080148534209
030202030303,2020-08,2.75628604008417,6.65096660555499,0.383887008544163
030202030303,2020-09,4.13897243477489,5.28288483701445,0.491953809901646
030202030303,2020-10,0.383193865159225,7.22169849894716,0.452151951692026
030202030303,2020-11,2.15091144628172,5.07175693333878,0.537518269633282
030202030303,2020-12,51.1083636714623,13.2181657737434,0.873109515875633
030202030303,2021-01,65.176827799532,29.5468157800355,0.93440068822725
030202030303,2021-02,166.767253832723,42.1589518455066,0.955291528545848
030202030303,2021-03,5.9878788817167,33.8735765518536,0.641230994175613
030202030303,2021-04,0.816258620554494,16.345525887048,0.284762508836954
030202030303,2021-05,0.341966787833826,8.25107297407702,0.209625643262224
030202030303,2021-06,4.479711639381,7.26285772299568,0.474969246004376
030202030303,2021-07,0.345233390279588,6.8609209310037,0.250761891060894
030202030303,2021-08,0.170810118460727,3.66579060615897,0.162566644716979
030202030304,2013-01,3.19750856058778,2.92122971707965,0.732353919932154
030202030304,2013-02,27.6091470556351,12.1968591471509,0.896205824697444
030202030304,2013-03,8.80339276894542,20.3381200919884,0.832289361332525
030202030304,2013-04,3.21999673139353,12.8142193775333,0.513980624685252
030202030304,2013-05,1.83106533618359,8.39223294696043,0.363758366067831
030202030304,2013-06,6.53775946335125,9.60940847313439,0.539332716305491
030202030304,2013-07,7.01959621323972,16.9224981478267,0.545159196084807
030202030304,2013-08,0.133759988701576,12.4653788444362,0.200778308438345
030202030304,2013-09,0.0071375415031311,5.80479624451956,0.18396536824749
030202030304,2013-10,0.0285250360165808,2.66021778877392,0.215416237987358
030202030304,2013-11,0.517301921650312,1.2874497318164,0.357714767462924
030202030304,2013-12,35.6442306489888,8.11874549210923,0.881143364069806
030202030304,2014-01,32.4617332627169,22.875430209443,0.94857472516671
030202030304,2014-02,23.6366335667543,18.3580394911156,0.92950632918157
030202030304,2014-03,53.234001174231,18.1949114782477,0.780288805992956
030202030304,2014-04,0.729789118522023,13.710160085239,0.366378698625008
030202030304,2014-05,0.243553609787313,7.68702564276795,0.213577064923602
030202030304,2014-06,0.14237384407029,3.24496341632651,0.16234701566662
030202030304,2014-07,17.4972281627128,9.69224110499601,0.6320517897732
030202030304,2014-08,4.7837734271521,15.0542604031928,0.415928953561732
030202030304,2014-09,0.576464582231475,8.07614395273352,0.289406564223053
030202030304,2014-10,0.233123166020853,4.10579110051468,0.256772592689869
030202030304,2014-11,2.89500666843181,2.09806908158281,0.387432540174286
030202030304,2014-12,37.354832532626,7.01450916972947,0.889519039940003
030202030304,2015-01,69.623717521749,21.5529983936223,0.95138355908766
030202030304,2015-02,50.7700162141287,22.4267253238963,0.944970807015419
030202030304,2015-03,9.24318768734632,24.6798365963712,0.814640912271173
030202030304,2015-04,5.02561849124608,14.3701924778224,0.594104093932167
030202030304,2015-05,24.533387656647,20.3456490905581,0.56077140087545
030202030304,2015-06,1.30422226817786,14.0815866938549,0.284004675493856
030202030304,2015-07,0.571619964675376,7.36830110394989,0.281840248168495
030202030304,2015-08,0.21983062385968,3.67160168424757,0.218722958830653
030202030304,2015-09,0.190089949579682,1.47817755091754,0.242986461714933
030202030304,2015-10,5.14700541680505,6.91442530746037,0.674343494593332
030202030304,2015-11,4.72517225468275,8.35960943360262,0.772541115823836
030202030304,2015-12,50.4605538462489,11.1779499760485,0.812991790753155
030202030304,2016-01,26.9934859940231,21.801302571546,0.931421642952673
030202030304,2016-02,100.439894911973,28.5327450504594,0.906569729077483
030202030304,2016-03,3.25313071121469,20.0771636225032,0.516843149610324
030202030304,2016-04,0.450083564141534,10.1690600459942,0.27387710092394
030202030304,2016-05,1.04725181574841,5.85247913530262,0.360094277102108
030202030304,2016-06,3.00149976920874,5.51367880061601,0.429950285820594
030202030304,2016-07,0.185641505438073,4.65287142582316,0.199228371980555
030202030304,2016-08,0.12181955119834,2.05539452497181,0.177994336381688
030202030304,2016-09,1.11072794963223,0.542083432183632,0.239406505064294
030202030304,2016-10,87.5822344730725,12.8081371942732,0.705328755031966
030202030304,2016-11,0.0752781190967056,11.5848902089374,0.374300406367076
030202030304,2016-12,2.1403038147071,7.1795583767683,0.663173789081796
030202030304,2017-01,33.0602485816049,17.3651408304476,0.928346204061542
030202030304,2017-02,4.29649042453033,11.9585186345053,0.747194389056433
030202030304,2017-03,0.773672016439503,8.61308142456215,0.418748020949223
030202030304,2017-04,0.24745540957061,4.48723483757425,0.228661840014982
030202030304,2017-05,0.518436665147778,2.35906083660274,0.301219571055482
030202030304,2017-06,0.239424956492166,1.53087996578679,0.234578790172763
030202030304,2017-07,0.287733636927447,0.933588790865015,0.222881225387982
030202030304,2017-08,0.129300687837499,0.732826932885014,0.271856792801306
030202030304,2017-09,0.900404614807357,1.37782211314695,0.400887130183418
030202030304,2017-10,0.0974590779369276,1.05404841240862,0.271737227628439
030202030304,2017-11,0.0376859736073861,0.624900382444468,0.30345864183975
030202030304,2017-12,2.99215457202229,1.93496354247254,0.685443819103968
030202030304,2018-01,73.1114628856429,13.4215955162842,0.929325982676063
030202030304,2018-02,24.31509381997,21.7691757796729,0.848055731603854
030202030304,2018-03,14.6353813700418,19.291620914699,0.844418162738563
030202030304,2018-04,8.84690575534105,18.6491500853463,0.688367253252207
030202030304,2018-05,6.57588630085467,16.7568771836659,0.432709652891102
030202030304,2018-06,0.294752166518481,15.4819744791959,0.314522214121921
030202030304,2018-07,0.174076009975433,8.88914225161192,0.209848747859493
030202030304,2018-08,0.770033595158451,4.52738964997804,0.327085920410891
030202030304,2018-09,0.124821271222334,2.51466209962081,0.200480471794711
030202030304,2018-10,6.39739452577183,5.9847802786707,0.656775134353429
030202030304,2018-11,35.4177615828123,17.1843338069944,0.938011711860017
030202030304,2018-12,81.9944858979401,26.6854323529044,0.959298373615115
030202030304,2019-01,32.226692193814,27.8278500174315,0.946036065962696
030202030304,2019-02,17.6632378712772,18.4509585073801,0.857211070466368
030202030304,2019-03,21.8386695216521,21.6305810029074,0.817242679596835
030202030304,2019-04,7.52346207877943,22.1852205186536,0.584869923481073
030202030304,2019-05,0.54497198396768,13.2709752500668,0.202499683264836
030202030304,2019-06,8.41410206953829,15.7128752863984,0.560621052177006
030202030304,2019-07,1.68683866773005,14.0665462972972,0.297645234862202
030202030304,2019-08,0.145684292338428,7.89783484214967,0.180827980388375
030202030304,2019-09,0.154424479451949,3.62391879346451,0.197898673823795
030202030304,2019-10,0.0784667543981397,1.70404486246259,0.258804885420449
030202030304,2019-11,0.685473723933854,1.13688770607127,0.454946619491281
030202030304,2019-12,4.2127249355163,4.23379331070772,0.847200649828019
030202030304,2020-01,3.58425451559998,8.46250605411946,0.902971540888555
030202030304,2020-02,68.0406866760407,19.0331359464348,0.914845583429638
030202030304,2020-03,4.71738241256446,20.3356079719571,0.570661836960529
030202030304,2020-04,1.88294617786877,9.69724709651172,0.352560988772163
030202030304,2020-05,0.643517660007163,6.85131554333462,0.446157298884608
030202030304,2020-06,11.6458664072413,7.24787246411348,0.510585446011846
030202030304,2020-07,1.61488490497802,9.03219836984415,0.16775203878647
030202030304,2020-08,3.04793914873521,6.64600371024716,0.401100454420286
030202030304,2020-09,4.24824611790178,5.24767452838561,0.509465625739351
030202030304,2020-10,0.355894774889757,7.28046537725763,0.471131578400389
030202030304,2020-11,1.95854513944492,4.80854455581507,0.553059736378971
030202030304,2020-12,53.2020615685473,12.9447999174697,0.887809695520856
030202030304,2021-01,67.9486225648953,29.7475418230691,0.956213542371429
030202030304,2021-02,173.967577425739,42.6608309637193,0.96700302195215
030202030304,2021-03,6.10992530895316,33.1889111344673,0.663287602142586
030202030304,2021-04,0.801044543449355,15.4248087156924,0.294987345318952
030202030304,2021-05,0.283260300635917,7.40845453606794,0.217555601265389
030202030304,2021-06,4.55307572622738,6.74842030310352,0.494732050682031
030202030304,2021-07,0.267883122287518,6.54764808146558,0.259346247588635
030202030304,2021-08,0.12847650079454,3.39052328851639,0.169613266916701
030202030401,2013-01,1.17421071489336,0.8341664366144,0.438917855807487
030202030401,2013-02,2.62903418671989,0.971496063618617,0.42773220849043
030202030401,2013-03,1.12392458684155,1.04895252104039,0.331880338451918
030202030401,2013-04,1.97050525215432,0.526358261821711,0.18636403222175
030202030401,2013-05,2.31623317359232,0.564653295038609,0.188164876415184
030202030401,2013-06,4.65032219390518,1.01677133289253,0.267667524772123
030202030401,2013-07,1.60030811421788,0.468045964949048,0.183663988941284
030202030401,2013-08,1.36468883962777,0.218929659618523,0.138979362416596
030202030401,2013-09,0.305641578724498,0.135186974605672,0.121578520474416
030202030401,2013-10,0.289588844519884,0.0686038262973978,0.146674765733384
030202030401,2013-11,1.41749388599562,0.0734945162396346,0.244342618250873
030202030401,2013-12,11.1018805880916,2.96080305241508,0.634179980444254
030202030401,2014-01,8.09013078879547,10.3606960750956,0.671460945129931
030202030401,2014-02,4.10598577565385,3.71341134711827,0.609637129228387
030202030401,2014-03,10.5361366148046,6.42326161740715,0.404000860933547
030202030401,2014-04,6.17166967968391,2.11776963309136,0.170688784242849
030202030401,2014-05,3.71430500994838,3.65960727554605,0.211413664904561
030202030401,2014-06,1.24522960819898,0.649716992105012,0.101068608330277
030202030401,2014-07,2.960182247338,0.332781011538629,0.247603290528913
030202030401,2014-08,14.586089605403,4.63867916562057,0.263683399181838
030202030401,2014-09,2.05545289962956,0.961541803173648,0.197828223668193
030202030401,2014-10,1.01261314673856,0.258102349529361,0.189511557376029
030202030401,2014-11,7.40991378043137,0.95205123751929,0.316568557303955
030202030401,2014-12,12.3170113199507,5.28717715557444,0.624338801695612
030202030401,2015-01,15.87123670055,12.373957323459,0.715104280287579
030202030401,2015-02,14.1731514148076,7.91933649625155,0.675479344456669
030202030401,2015-03,7.88276478891015,8.5353026709347,0.471078566552283
030202030401,2015-04,2.85436512892447,2.26783499038474,0.174742550209684
030202030401,2015-05,2.28441291938153,0.896328496238437,0.188072663759666
030202030401,2015-06,1.11459135555007,0.330332797283822,0.108393212261774
030202030401,2015-07,1.66645811634246,0.195504351613906,0.136042432411859
030202030401,2015-08,1.23644504782447,0.146888768826221,0.128280057795263
030202030401,2015-09,0.933492899538709,0.0770440154376017,0.132109489752002
030202030401,2015-10,3.85310726249943,0.593642139448702,0.345740670328935
030202030401,2015-11,1.10009132649721,0.613868103828401,0.258191404463015
030202030401,2015-12,5.19832424158484,1.09476254185086,0.335246824459023
030202030401,2016-01,4.82092768547101,6.27005257973983,0.650380529279555
030202030401,2016-02,43.8804737463541,16.5261024717144,0.677586128725729
030202030401,2016-03,2.70535055416096,6.22488447749943,0.217447142885211
030202030401,2016-04,1.60589872092946,1.09233803197554,0.16388057415597
030202030401,2016-05,2.17315609185298,0.35256562747156,0.166676908313361
030202030401,2016-06,2.78518127180531,0.723289194265755,0.189084926009917
030202030401,2016-07,1.74032340605616,0.336165638965008,0.101059799764399
030202030401,2016-08,1.08528691477869,0.172208146072288,0.108090457604143
030202030401,2016-09,8.88396257332921,0.554844207819535,0.166925688467877
030202030401,2016-10,23.1885940825026,11.3100616687625,0.427323928286169
030202030401,2016-11,1.55895301782336,2.99746424050286,0.225917920416952
030202030401,2016-12,1.89839544024505,1.27925694472087,0.443347751100556
030202030401,2017-01,6.26051915640403,3.78688478641898,0.627296283401045
030202030401,2017-02,0.82042416875908,1.31643163684773,0.235652905815302
030202030401,2017-03,1.06605243594584,0.355057503442491,0.186615811359063
030202030401,2017-04,1.36718176686972,0.220200847571102,0.16843014987852
030202030401,2017-05,2.15360285702305,0.242347808068424,0.163439803802237
030202030401,2017-06,2.44384542331312,0.23908509100877,0.143379510179803
030202030401,2017-07,2.41028833819643,0.241829196848451,0.146178352423725
030202030401,2017-08,1.51715832238202,0.270459569543624,0.161261822478802
030202030401,2017-09,4.18331916972578,2.56031115728291,0.351189877126001
030202030401,2017-10,1.43033080308238,0.541294424647235,0.197743945770386
030202030401,2017-11,0.439916911901171,0.179451252302805,0.206538011595475
030202030401,2017-12,1.44390461451853,0.51562801455807,0.426430944050765
030202030401,2018-01,5.48493395700707,1.3147863930635,0.555533468102958
030202030401,2018-02,4.80091291735654,3.8424977991206,0.518851018984473
030202030401,2018-03,2.68494050241913,2.07671595887445,0.3482162425033
030202030401,2018-04,6.12930326666913,1.8346888266566,0.295835623834224
030202030401,2018-05,26.695789659407,3.48761102486545,0.270183619886947
030202030401,2018-06,6.42805203391078,8.6164466329096,0.153282502425428
030202030401,2018-07,2.93718021357039,1.40455689421149,0.178592696895955
030202030401,2018-08,2.45961802556724,0.406754125290521,0.136271719700671
030202030401,2018-09,1.71208985940167,0.246897881462921,0.134631556897705
030202030401,2018-10,51.1462043913311,9.12748954635486,0.52486891280498
030202030401,2018-11,4.77242672944669,6.59470884579145,0.639133775187879
030202030401,2018-12,28.6550547885947,13.8715344542455,0.730798232201667
030202030401,2019-01,7.360848136415,11.5190528227546,0.671455322544984
030202030401,2019-02,2.39113985919756,4.19151231843699,0.467248998777779
030202030401,2019-03,3.49794753932737,2.58677614493482,0.392219907401754
030202030401,2019-04,2.83732311721831,1.5859362144355,0.258908123152903
030202030401,2019-05,1.00747682169995,0.414336187331864,0.113356588260327
030202030401,2019-06,3.35239930776305,0.440071667661078,0.239718203062523
030202030401,2019-07,4.12278715002047,0.437974223940321,0.197558368113829
030202030401,2019-08,2.33182870770721,0.241743521540302,0.169819526543796
030202030401,2019-09,0.761437356349943,0.138086268822143,0.117371762241131
030202030401,2019-10,0.898719438649941,0.106317762380554,0.168234416895217
030202030401,2019-11,1.13613038996814,0.17744919131481,0.319323282415882
030202030401,2019-12,3.63245292713792,1.09998345038435,0.573016767314532
030202030401,2020-01,1.55795130377745,1.44666639690568,0.463469574996381
030202030401,2020-02,5.52313275154043,2.21377621434651,0.527947066288551
030202030401,2020-03,0.914404826401682,1.08087772012842,0.226316304300337
030202030401,2020-04,2.3970588979593,0.320035812627087,0.199126508661284
030202030401,2020-05,2.74985098180448,0.312083695965379,0.224498152059721
030202030401,2020-06,7.48270012388614,3.5974489299665,0.339585961786081
030202030401,2020-07,1.83057700048491,2.08456131914267,0.153697329838323
030202030401,2020-08,2.74247555593136,0.462718455261644,0.165240145910923
030202030401,2020-09,3.32836685434359,0.452248368597352,0.326996350137482
030202030401,2020-10,1.1369253111785,0.773635769166135,0.25713182328213
030202030401,2020-11,8.93737669777733,4.03438324795149,0.416908925474517
030202030401,2020-12,17.0562211849538,8.7609942441909,0.671560888030338
030202030401,2021-01,25.8683579149434,18.2486650391801,0.704392570824346
030202030401,2021-02,66.9225927316347,28.2100561008637,0.787544946271633
030202030401,2021-03,4.38324218263946,16.7168191689258,0.324284729892571
030202030401,2021-04,1.16750853506472,3.28500674897184,0.167242775599148
030202030401,2021-05,1.60359347007158,0.493865867052195,0.153188761725331
030202030401,2021-06,2.67689086111656,0.30876738379237,0.209457067271256
030202030401,2021-07,2.2010307549173,0.291395367587713,0.181393979178817
030202030401,2021-08,0.866186368473936,0.167472353067817,0.153771305190049
030202030402,2013-01,1.31869412315584,0.319388969201891,0.530487022509053
030202030402,2013-02,2.83306652737194,0.34352248801151,0.51841396365886
030202030402,2013-03,1.04904638579233,0.490612205903741,0.398226642609966
030202030402,2013-04,1.88361325971115,0.19198996798115,0.20258946156141
030202030402,2013-05,2.14285441808895,0.163359534243288,0.210243930608607
030202030402,2013-06,4.9141424200546,0.344721562700313,0.316655389699998
030202030402,2013-07,1.53060838462091,0.270411718526157,0.209478752802427
030202030402,2013-08,1.4180701423465,0.125719154079482,0.144207090630683
030202030402,2013-09,0.358863566584217,0.0564038055500079,0.134378266214661
030202030402,2013-10,0.353745145306205,0.0260707280781466,0.1480608505716
030202030402,2013-11,1.53414983283012,0.0578889589774541,0.269326600284215
030202030402,2013-12,15.129703651713,3.65717908582123,0.783632807727752
030202030402,2014-01,11.129446464922,13.3994810633914,0.862840957032753
030202030402,2014-02,5.27979140776981,4.30816077240143,0.775410249652328
030202030402,2014-03,12.459175333763,7.85365722593688,0.473844988633817
030202030402,2014-04,5.86745366546175,2.28988474876976,0.174732616169413
030202030402,2014-05,3.79897377229732,3.71097377420639,0.244525526166475
030202030402,2014-06,1.59735420481874,0.570514481725028,0.0989142707398398
030202030402,2014-07,3.82675448873043,0.36059192050192,0.303675280692943
030202030402,2014-08,14.941960965946,5.96245743967794,0.262126271294552
030202030402,2014-09,2.61919698601445,1.14334522611981,0.202954863305132
030202030402,2014-10,1.23369736730079,0.288431035446509,0.196410831931678
030202030402,2014-11,7.17185674897806,1.22182664892072,0.3438019419044
030202030402,2014-12,16.1972093089391,6.50832247092073,0.753067051574204
030202030402,2015-01,21.8548874883746,15.8070075802224,0.886975453149687
030202030402,2015-02,18.8612097694155,9.88332308003847,0.850615496319406
030202030402,2015-03,10.0828632229693,10.7307158241047,0.566529691475803
030202030402,2015-04,3.15591357320232,2.6525190438709,0.172723088640816
030202030402,2015-05,2.67914356954966,0.667034951071443,0.203001947847071
030202030402,2015-06,1.42811792482498,0.232893058211594,0.113855968313532
030202030402,2015-07,2.19058002966531,0.147805788156721,0.149641234468019
030202030402,2015-08,1.47847526349826,0.120629351382962,0.142219228693125
030202030402,2015-09,1.12587933183253,0.0572441906595777,0.137264707635193
030202030402,2015-10,3.20457258850923,0.407883780174452,0.397765490308626
030202030402,2015-11,1.19666084353436,0.191580333922417,0.27963839064038
030202030402,2015-12,6.44898083268226,0.797667411705249,0.379021497278534
030202030402,2016-01,6.34547586228077,7.40363673360436,0.810722137511855
030202030402,2016-02,54.892693444789,21.1487064589275,0.782050988495248
030202030402,2016-03,3.27247784077347,7.83339768859208,0.228384956533654
030202030402,2016-04,1.82237952615602,1.26946458947199,0.172914137534616
030202030402,2016-05,2.20912229261468,0.234433496656889,0.170026190184034
030202030402,2016-06,3.17681471431236,0.232898624532151,0.208273659174184
030202030402,2016-07,1.79385573843126,0.108895495859276,0.0996557523739607
030202030402,2016-08,1.38539052697625,0.0481438455771465,0.116783196864619
030202030402,2016-09,10.7968496855333,0.609770283451376,0.174541153058666
030202030402,2016-10,30.1585418584489,14.0732965238769,0.504245959260898
030202030402,2016-11,1.9416651384375,3.73496786170163,0.247206171528351
030202030402,2016-12,2.09862546699297,0.997109327539995,0.527938046604531
030202030402,2017-01,7.90486871831159,3.92024445938459,0.782660578026372
030202030402,2017-02,0.928270162960842,1.32977973850384,0.26469656554885
030202030402,2017-03,1.18425517411113,0.315879995950528,0.200493447032254
030202030402,2017-04,1.50863130181582,0.130083970214569,0.176907629405713
030202030402,2017-05,2.42903121573385,0.104792639389765,0.174170392521468
030202030402,2017-06,2.76455171523399,0.0656547847906561,0.146440041759111
030202030402,2017-07,2.72438268361249,0.0506967789637828,0.159059798465233
030202030402,2017-08,1.68280722671157,0.111062892110201,0.171148610110326
030202030402,2017-09,4.58915394925736,2.65575852503412,0.418204275815378
030202030402,2017-10,1.70970879771386,0.40884931669822,0.220204504090047
030202030402,2017-11,0.475613287331043,0.0888417079947605,0.216453944822029
030202030402,2017-12,1.56830800311295,0.255781093431615,0.506305638839359
030202030402,2018-01,7.69828640217529,1.20852569222707,0.688015469543882
030202030402,2018-02,6.16115632914721,4.26384664198051,0.652074245609522
030202030402,2018-03,2.74869684594999,1.88997633474106,0.405563967762966
030202030402,2018-04,5.74225692100991,1.77281243443412,0.342801844122909
030202030402,2018-05,34.7490750826548,3.84631510508614,0.327650536031509
030202030402,2018-06,8.31740101451387,10.783706653306,0.181285820768254
030202030402,2018-07,3.61027605773121,1.72165612907479,0.199255003187752
030202030402,2018-08,2.57136318372562,0.339047229350141,0.141746093001429
030202030402,2018-09,1.92607446288546,0.123492352307864,0.144700846578545
030202030402,2018-10,61.9355483655318,11.3894415223822,0.561134454594782
030202030402,2018-11,5.99155504048601,7.15014715600009,0.781874123294838
030202030402,2018-12,37.619254150319,17.6413250076784,0.880273563741833
030202030402,2019-01,9.72348543511472,14.5625246023413,0.838495371066258
030202030402,2019-02,2.46997889697125,4.927882706704,0.553609905836621
030202030402,2019-03,2.98411121006521,2.07496578894402,0.452486852978514
030202030402,2019-04,2.44096423527417,0.79122828998947,0.280025124541705
030202030402,2019-05,1.22373266081027,0.208759746078592,0.112432248177601
030202030402,2019-06,4.15133564851852,0.473645676968766,0.291961007403651
030202030402,2019-07,3.4415036340172,0.382185847142205,0.221982390265532
030202030402,2019-08,2.82237430542173,0.16375236952438,0.180182977110014
030202030402,2019-09,0.968062473278472,0.0468857409444846,0.120342843898579
030202030402,2019-10,1.02768411532228,0.0554602244026141,0.177917483995483
030202030402,2019-11,1.22782415951621,0.127910078627476,0.366132134359471
030202030402,2019-12,4.36083410755524,0.650287198885576,0.705650626787089
030202030402,2020-01,1.6445897001312,0.946243169312531,0.572852424504308
030202030402,2020-02,5.5862038304518,1.50074416958928,0.649285329485894
030202030402,2020-03,0.805620727536087,0.752921273536008,0.251851095512643
030202030402,2020-04,2.48750385184318,0.166180712615993,0.206410313542548
030202030402,2020-05,3.20293089189264,0.135838796909146,0.250146226726819
030202030402,2020-06,9.18531040251085,4.33365635634804,0.405729183774229
030202030402,2020-07,2.33314570637325,2.42442609933662,0.161721756733742
030202030402,2020-08,3.13445332844794,0.393160122080529,0.187031835737046
030202030402,2020-09,3.58310427323979,0.282846399167796,0.386598897940914
030202030402,2020-10,1.27216253735493,0.346820937931762,0.291966723367438
030202030402,2020-11,11.164022339289,4.45922116732586,0.503958374998589
030202030402,2020-12,22.841904881286,10.6622595150876,0.826878129252383
030202030402,2021-01,35.2047935438626,23.920438350972,0.870963693395705
030202030402,2021-02,84.0790208150211,37.2413586770538,0.926130314707157
030202030402,2021-03,5.14096057668681,21.4883744550739,0.358432267745659
030202030402,2021-04,1.33131455991407,4.04298687384233,0.166260891777143
030202030402,2021-05,1.98812938886521,0.542827722298145,0.155047713125205
030202030402,2021-06,2.95567552931768,0.250669608246852,0.231860510311722
030202030402,2021-07,2.41012712612421,0.163139882409176,0.200840191281762
030202030402,2021-08,1.07523620939321,0.0555070588830408,0.156664102006203
030202030403,2013-01,3.02062144394951,0.100643190837213,0.152782614237637
030202030403,2013-02,7.10502729076245,0.364450704882642,0.142781449781058
030202030403,2013-03,2.36031475029474,0.574094753348367,0.109988819179717
030202030403,2013-04,5.18508834958564,0.36000083359589,0.0583980823967274
030202030403,2013-05,6.99438690988687,0.23625195348904,0.0784896045355247
030202030403,2013-06,8.73237868759699,0.272778141924436,0.0664650555388086
030202030403,2013-07,4.3804020223885,0.47572007016945,0.0526367426112306
030202030403,2013-08,4.69825692241005,0.34935891688507,0.0454805353866274
030202030403,2013-09,1.46040779164964,0.162636640717421,0.0444188408000087
030202030403,2013-10,1.11050880649094,0.0745330010767198,0.070443368245697
030202030403,2013-11,5.54484214228223,0.0440228659945006,0.134423313820043
030202030403,2013-12,9.08307682846889,0.379080784005974,0.272080277875149
030202030403,2014-01,3.82360904122195,0.936456817369074,0.172880664907514
030202030403,2014-02,4.51385991994983,0.615553309909276,0.154761394137851
030202030403,2014-03,9.38664313782306,0.664750520748161,0.219177065135837
030202030403,2014-04,5.01707372097062,0.41534636038894,0.118743474257478
030202030403,2014-05,1.68670742407632,0.267864066113295,0.0444930954670047
030202030403,2014-06,3.57210267771086,0.098657913852915,0.048254616346956
030202030403,2014-07,9.66256444779405,0.297361881816017,0.0880951458453382
030202030403,2014-08,24.3677769699104,2.82008556019529,0.164590886657326
030202030403,2014-09,8.66004283826372,0.441266007537177,0.158939095834787
030202030403,2014-10,3.89064612357878,0.152720701493624,0.15699959650956
030202030403,2014-11,6.35660785622475,0.0932179962573943,0.231523266027626
030202030403,2014-12,6.65967905822511,0.399298484618134,0.309846845504699
030202030403,2015-01,8.45005322798105,0.941720382708188,0.283599847525083
030202030403,2015-02,6.98694551827384,0.82673386312596,0.282665441618431
030202030403,2015-03,4.12848109198549,0.911548121413035,0.23362749426229
030202030403,2015-04,7.25869490743926,0.439012119460445,0.145129476343962
030202030403,2015-05,8.1157980158919,0.576910389140044,0.0816322038583479
030202030403,2015-06,4.29789448494107,0.395979756091066,0.0516750072769433
030202030403,2015-07,7.08382630289776,0.207563808469111,0.0743627220974491
030202030403,2015-08,3.90343304199635,0.104099576804641,0.0394908280787933
030202030403,2015-09,3.8974884133854,0.0420300305884894,0.0737510994754335
030202030403,2015-10,6.72924152376878,0.235174273621048,0.151152704207317
030202030403,2015-11,4.24145600118758,0.235844387862833,0.148492977810563
030202030403,2015-12,11.9885390265121,0.347535186287659,0.192996429877386
030202030403,2016-01,3.95825596944235,0.822117318743286,0.290388343547992
030202030403,2016-02,18.7950479631126,1.40827684900872,0.479929905633193
030202030403,2016-03,3.01388328673987,0.753482302125959,0.105239010447553
030202030403,2016-04,3.12887093239364,0.301879660925668,0.0967772548747134
030202030403,2016-05,5.45764955580037,0.166504943526846,0.0981142316024224
030202030403,2016-06,10.5531889984257,0.157012560886146,0.0749641234860018
030202030403,2016-07,5.74888593880723,0.131230667116434,0.0504146373851219
030202030403,2016-08,4.23764397686214,0.0579490489278263,0.028082108964773
030202030403,2016-09,9.90627500345186,0.0263398501726392,0.106453859526422
030202030403,2016-10,21.3120179041591,0.856090436136771,0.271078299221677
030202030403,2016-11,1.63527384463896,0.454653031159927,0.124044959037854
030202030403,2016-12,4.46653949083909,0.260756532948842,0.204727373968661
030202030403,2017-01,7.45581094366601,0.623579761299845,0.259039145129673
030202030403,2017-02,1.36422052933579,0.352664801183757,0.137852100851684
030202030403,2017-03,2.74171805151915,0.244718711367973,0.101741431829538
030202030403,2017-04,3.51778302295229,0.126951685634216,0.0485484080581758
030202030403,2017-05,8.25852245968376,0.0672167620775502,0.0775331587672152
030202030403,2017-06,8.00791182144632,0.0435428036741247,0.0548021651924509
030202030403,2017-07,9.24453657299361,0.0315303487975556,0.0726216100945647
030202030403,2017-08,4.44389429253251,0.0414106870314852,0.0569408563152868
030202030403,2017-09,8.55305760723818,0.125438639114379,0.107808060933066
030202030403,2017-10,4.49705581367905,0.0352477962873056,0.0627966861504566
030202030403,2017-11,1.32424177348538,0.018665870342326,0.0963764209918309
030202030403,2017-12,4.55331109979849,0.10871646408991,0.176452631336805
030202030403,2018-01,10.6569977037541,0.462312379473255,0.198651994303522
030202030403,2018-02,3.33461379017049,0.744094003069393,0.13159936664984
030202030403,2018-03,7.16310902641058,0.604113225089927,0.143446216549039
030202030403,2018-04,9.62404262036096,0.579654023923794,0.10414619074756
030202030403,2018-05,13.784831004977,0.547146546621102,0.101316519066553
030202030403,2018-06,2.58095190771538,0.604732705618686,0.0678873957285456
030202030403,2018-07,5.40748192615466,0.272748186054003,0.0620540829930483
030202030403,2018-08,5.4404831030075,0.131079361460713,0.0646501368532073
030202030403,2018-09,5.82219168256795,0.0766965090171563,0.0612574360307926
030202030403,2018-10,39.243836726868,2.7089379482929,0.27370271675709
030202030403,2018-11,6.2494293563596,1.45607518558956,0.245615804381024
030202030403,2018-12,13.3240910475914,1.24275217504337,0.346693265921275
030202030403,2019-01,4.98780955091896,1.09862184198098,0.21709398410745
030202030403,2019-02,4.40408917283441,0.585757057730427,0.186760136198227
030202030403,2019-03,6.32578804614221,0.632988992720686,0.175108432723223
030202030403,2019-04,7.22786915087121,0.64206521147816,0.100136825981321
030202030403,2019-05,4.48548086206234,0.373015109178768,0.0376561094564201
030202030403,2019-06,9.60584532135704,0.481478640049226,0.0772578579754196
030202030403,2019-07,7.76062126801936,0.424497072248651,0.104139778119023
030202030403,2019-08,8.39299962082567,0.222544795144711,0.0632487381781418
030202030403,2019-09,3.22952732083121,0.101678325689528,0.055123754364621
030202030403,2019-10,3.54259457257692,0.048285945066542,0.0692381138018512
030202030403,2019-11,4.15112923347382,0.067585540969481,0.176600054832188
030202030403,2019-12,5.02980321437335,0.178514496220153,0.174403877445366
030202030403,2020-01,3.54711569133994,0.249580197460385,0.134985559992076
030202030403,2020-02,10.312913427788,0.603394914952459,0.185461146521001
030202030403,2020-03,2.61273436275425,0.577859055153165,0.101185050335437
030202030403,2020-04,8.22949766183004,0.272743006201382,0.0827855360329375
030202030403,2020-05,6.47076603452778,0.1929343925242,0.0906772209406293
030202030403,2020-06,9.32607533786665,0.320718563274248,0.135661755595381
030202030403,2020-07,4.3440788982784,0.296619517339425,0.0539450767219768
030202030403,2020-08,10.8009150237841,0.217699582337727,0.0699410687149486
030202030403,2020-09,7.63375643480113,0.179557230545115,0.105195685907174
030202030403,2020-10,2.46151200611072,0.210394254141871,0.0752715728353716
030202030403,2020-11,9.54718942841352,0.320212373524914,0.258241970330794
030202030403,2020-12,10.4614558600482,0.646572966764733,0.375943394752073
030202030403,2021-01,11.1246480047737,1.41418159703035,0.34618704783298
030202030403,2021-02,27.749397902603,1.99605838951014,0.507429482506116
030202030403,2021-03,2.82335522988601,1.55747490864741,0.149619313653592
030202030403,2021-04,2.46240915134148,0.515318245536426,0.0962840664328163
030202030403,2021-05,4.9710732693908,0.214404667404376,0.0936484768893776
030202030403,2021-06,8.43013310380779,0.191751798248617,0.0646227494076285
030202030403,2021-07,7.05695155352161,0.184860465803774,0.0658719515943621
030202030403,2021-08,4.22342471476705,0.0952838417128432,0.059820392040174
030202030404,2013-01,3.3355600006518,0.282535819482522,0.458047657450338
030202030404,2013-02,8.91125755524614,1.84889879633655,0.47559413476979
030202030404,2013-03,4.902398635191,2.49916713594637,0.403994575630557
030202030404,2013-04,5.52362055400772,0.466689451774591,0.262507037535743
030202030404,2013-05,5.8238323257362,0.281793944728032,0.231842427120928
030202030404,2013-06,5.12153323953866,0.309051600109984,0.266053687878079
030202030404,2013-07,2.6209108539618,0.193310086972507,0.208672384407978
030202030404,2013-08,1.35376424131987,0.0513263799140603,0.173622240692347
030202030404,2013-09,0.333463709806107,0.0032606543390231,0.14437311341644
030202030404,2013-10,0.330287736099668,0.0,0.181047825332712
030202030404,2013-11,3.83116413820009,0.0361388777021152,0.273534962612764
030202030404,2013-12,14.8210343098792,2.3353045574017,0.596594959285077
030202030404,2014-01,12.4808817807571,8.52583039257537,0.627340212852803
030202030404,2014-02,9.81704103279726,4.63174629818503,0.586340585241662
030202030404,2014-03,19.1305283326957,5.12386294263378,0.459392452374763
030202030404,2014-04,7.1814038942859,1.5296686393219,0.256037569827548
030202030404,2014-05,2.09928818879067,1.75099450256327,0.206134176310365
030202030404,2014-06,1.17353913754479,0.285473653951588,0.13161968002444
030202030404,2014-07,4.28361663301437,0.157570718014015,0.241228761786855
030202030404,2014-08,26.4107928644174,4.18608115583561,0.32586513380128
030202030404,2014-09,8.42894601455806,1.02244560780994,0.296249840536863
030202030404,2014-10,4.06636767457725,0.459330667529594,0.293743476215296
030202030404,2014-11,10.0908161716796,0.94066370185267,0.382210490767453
030202030404,2014-12,15.0399203026576,4.18089872355763,0.622499022130106
030202030404,2015-01,24.1103619650438,10.0755501056447,0.674179583361956
030202030404,2015-02,17.9432594800912,6.61928371647548,0.641076853663629
030202030404,2015-03,13.6575054501353,7.26206077065882,0.503964621557224
030202030404,2015-04,8.76861228787883,1.7873861454202,0.264045977568435
030202030404,2015-05,6.50680649881149,0.657774334072183,0.239005205009932
030202030404,2015-06,1.42223275714237,0.29959632948481,0.15206649739635
030202030404,2015-07,2.44815964357221,0.124119246422641,0.180124744259295
030202030404,2015-08,1.27328021799266,0.0581617127355203,0.158913679549575
030202030404,2015-09,1.06223384804848,0.0174508874122915,0.168659069734127
030202030404,2015-10,8.09036345269917,0.344800782734039,0.373973886159231
030202030404,2015-11,4.42571531293514,0.240984017215265,0.338834966675839
030202030404,2015-12,16.8198248620925,1.62899650597757,0.414028037716869
030202030404,2016-01,13.4998621223519,6.95206479116305,0.629321688495146
030202030404,2016-02,52.8838574532019,13.079027517763,0.679306599021046
030202030404,2016-03,5.74909741751497,4.48796074663131,0.302628207491685
030202030404,2016-04,2.3953264383743,0.894438956803942,0.205864051321556
030202030404,2016-05,2.97387911387185,0.284188401996601,0.213393403880374
030202030404,2016-06,8.65370036994053,0.280205250342481,0.244810653710748
030202030404,2016-07,3.84279621371801,0.236444550015193,0.16169539188983
030202030404,2016-08,1.06986697332122,0.0833090569139175,0.131249957190143
030202030404,2016-09,10.1698577489139,0.262102398648848,0.199074998379494
030202030404,2016-10,29.8762044374867,7.66503381624292,0.469052210614552
030202030404,2016-11,3.28846830496132,2.22952369640735,0.31015635182597
030202030404,2016-12,5.29385598399344,1.03307448643968,0.489994664431792
030202030404,2017-01,16.7113518656928,5.0483554424379,0.61236160307556
030202030404,2017-02,3.02192896379356,1.43510265107145,0.343948628300227
030202030404,2017-03,3.83631090813708,0.433091126794277,0.265713979800196
030202030404,2017-04,1.76664128246579,0.212439248220975,0.201286155382576
030202030404,2017-05,5.27160326655002,0.138724911354877,0.213239643093675
030202030404,2017-06,3.66702312491845,0.104904542923258,0.185685153083877
030202030404,2017-07,3.16135975052494,0.0720348084143613,0.184492030494506
030202030404,2017-08,1.73874950987131,0.0655021909199274,0.195783353231003
030202030404,2017-09,8.09907130723175,1.23515904347054,0.366894325350521
030202030404,2017-10,4.66990448780051,0.322744692493773,0.25409207608711
030202030404,2017-11,1.70480387569896,0.199930651475601,0.285061043534508
030202030404,2017-12,5.00770432616348,0.298112868508978,0.465599686032823
030202030404,2018-01,14.3412688982899,3.97377589597511,0.567020039033669
030202030404,2018-02,11.4746136344332,5.54572486745044,0.523033967697267
030202030404,2018-03,10.8389691515559,2.62716819162156,0.42935278312392
030202030404,2018-04,13.6791118781265,2.10799159811017,0.362801119451282
030202030404,2018-05,22.3097489224275,2.42744832951452,0.291518738026856
030202030404,2018-06,4.12241670871073,4.75557894725602,0.180982597744416
030202030404,2018-07,2.81936956486262,0.832015122744055,0.188052305956137
030202030404,2018-08,2.09808454715096,0.177773234781939,0.167790722913554
030202030404,2018-09,2.54912582198705,0.0530688270027984,0.161401320668308
030202030404,2018-10,51.2153502030769,6.5636825875918,0.548942060143872
030202030404,2018-11,12.3150826254717,6.36281541966532,0.626002229000027
030202030404,2018-12,37.794116407792,12.234773333582,0.69921179704949
030202030404,2019-01,13.8632151423446,10.1217550237598,0.639203012955973
030202030404,2019-02,7.48031867960708,4.05270337207847,0.509275679792303
030202030404,2019-03,9.0577911258239,2.91213141214037,0.455702158088346
030202030404,2019-04,11.1925194240927,2.60426758348913,0.342604159118282
030202030404,2019-05,2.76792953755343,0.679950162973102,0.167121377969737
030202030404,2019-06,6.33664751811117,0.415860569360257,0.250214083980274
030202030404,2019-07,5.70115486370228,0.362288755832467,0.214806682490043
030202030404,2019-08,2.79043455360873,0.126398746255031,0.20145650038663
030202030404,2019-09,1.03404335785215,0.0229170897038787,0.158283849144518
030202030404,2019-10,1.50618477133905,0.0233067249494618,0.207789324994103
030202030404,2019-11,3.89438463445805,0.104881294657508,0.353892289266492
030202030404,2019-12,6.47057484094425,1.43550231463113,0.563099364475206
030202030404,2020-01,5.26535062311434,2.05994417845711,0.499450216554976
030202030404,2020-02,20.2535570228797,3.52456826225467,0.545543717628726
030202030404,2020-03,5.14283441389727,1.67240451807843,0.312654809202061
030202030404,2020-04,7.02454034861281,0.431556516300913,0.246748756629556
030202030404,2020-05,4.9219903961837,0.29654996478978,0.252806547545664
030202030404,2020-06,10.7080974408996,2.01296276845803,0.349287897431325
030202030404,2020-07,1.78261984478052,1.24268280634529,0.190870953643197
030202030404,2020-08,11.0146656723466,0.39328694920265,0.228390130568371
030202030404,2020-09,6.49871389024965,0.342457654949496,0.327319835509349
030202030404,2020-10,2.56705797302189,0.367254850698034,0.291520089475134
030202030404,2020-11,11.3802723762927,2.05616094274266,0.434825911659286
030202030404,2020-12,23.5439485830638,7.26107589024774,0.654273871334371
030202030404,2021-01,33.4512391323063,15.6124298207099,0.67263395061575
030202030404,2021-02,70.6133293101875,22.8853340013099,0.754956089694828
030202030404,2021-03,7.8102393624694,12.5000548095636,0.394355980022764
030202030404,2021-04,3.2109250703648,2.38057740084435,0.226912034404776
030202030404,2021-05,1.79441732614485,0.477368263268842,0.189392519192219
030202030404,2021-06,6.49186135270879,0.265091208980151,0.244610327102421
030202030404,2021-07,2.39975806505369,0.188074680561043,0.205549224204296
030202030404,2021-08,1.331281600617,0.0544211415441849,0.187572559953317
030202030405,2013-01,3.48782190780163,0.825108081192613,0.39195587286362
030202030405,2013-02,13.9396451090895,4.41041827655147,0.463599500131304
030202030405,2013-03,6.27769897607803,6.84492401668957,0.421734418908505
030202030405,2013-04,5.42066451112214,3.3583006681509,0.287711205435746
030202030405,2013-05,5.51553038755903,2.17117785030307,0.222805178972865
030202030405,2013-06,4.9351825749489,2.41771302243024,0.238433050496779
030202030405,2013-07,3.8001452729499,4.06317473325128,0.237233921602687
030202030405,2013-08,1.08532753484291,2.9395125768162,0.138614194440421
030202030405,2013-09,0.290565175690808,1.3516851656601,0.1186091815887
030202030405,2013-10,0.269048780300454,0.618093443395814,0.146824852520697
030202030405,2013-11,3.41900950921116,0.314823487619871,0.249526649188607
030202030405,2013-12,16.8332892806647,2.66997462996048,0.53410674673105
030202030405,2014-01,15.0957000256479,8.13029728863316,0.529990567546762
030202030405,2014-02,12.8307419826373,6.89481003054634,0.496702183472617
030202030405,2014-03,25.2230442453546,5.96643066765684,0.477016914308999
030202030405,2014-04,4.81901870614574,3.74067778571793,0.270628674751548
030202030405,2014-05,0.682006303854578,2.02420576145573,0.132618712624809
030202030405,2014-06,0.810486971880875,0.814338887617404,0.107059231497678
030202030405,2014-07,8.17974135410539,2.93463407022851,0.300655169048659
030202030405,2014-08,17.9804413721009,5.13096604628861,0.26111398363025
030202030405,2014-09,7.44344596431012,2.35388761543754,0.247611159926484
030202030405,2014-10,3.57231910337127,1.26691609923587,0.243548772538814
030202030405,2014-11,5.73529522078412,0.877211417449645,0.332552795192208
030202030405,2014-12,16.5509376984179,2.85170177639374,0.573868025996229
030202030405,2015-01,30.5851345220537,8.20850691388075,0.584137694653136
030202030405,2015-02,21.5207384840473,7.55677715287555,0.536534740369379
030202030405,2015-03,11.0102717012161,8.3826752052782,0.463736041112098
030202030405,2015-04,8.44395446211708,4.00130210619444,0.310415484556678
030202030405,2015-05,11.2719837467066,5.13129176466923,0.273538781520042
030202030405,2015-06,1.47399790027174,3.50078338172214,0.154747061148808
030202030405,2015-07,2.12876337834973,1.79504416544678,0.164841264672096
030202030405,2015-08,0.948335587636468,0.874054458701088,0.130491714644487
030202030405,2015-09,0.907673156980028,0.343528967831086,0.149469695930936
030202030405,2015-10,7.3215430079511,1.72748104364974,0.383943455794618
030202030405,2015-11,4.99168123989517,2.10301278437145,0.391722509783556
030202030405,2015-12,25.3478086891848,3.81124445498639,0.45442728415855
030202030405,2016-01,16.4888185945489,8.65870332643339,0.556288951774919
030202030405,2016-02,51.6744576055259,11.2570674317466,0.665803133880674
030202030405,2016-03,5.16612676058856,5.80017121383009,0.32040378332021
030202030405,2016-04,1.96825116512835,2.74899153081495,0.186477566993341
030202030405,2016-05,2.65742252242949,1.58143122535598,0.213526040707373
030202030405,2016-06,9.15670705460476,1.4907985270047,0.274854355493746
030202030405,2016-07,3.38040120202882,1.26701469039377,0.152755141357894
030202030405,2016-08,0.891908070785925,0.542971965296985,0.106090510614365
030202030405,2016-09,5.93817425137342,0.140240485116384,0.159397718521845
030202030405,2016-10,48.4485768706629,12.4438770060216,0.465562327941403
030202030405,2016-11,4.26083036779638,9.4465098669321,0.284516595889418
030202030405,2016-12,6.0476809565727,4.72560580163962,0.442825133395319
030202030405,2017-01,21.3020125079937,8.32968712434663,0.547711967815378
030202030405,2017-02,4.08907723384187,4.1611680033684,0.408105227106401
030202030405,2017-03,3.93743730025604,2.65933890546176,0.271100793279826
030202030405,2017-04,1.7416172652626,1.41646615069935,0.156855256458877
030202030405,2017-05,4.96217794646597,0.786880521750738,0.188623143418387
030202030405,2017-06,3.18527860127207,0.521668627993326,0.157914743096694
030202030405,2017-07,2.89963773743453,0.33434377734538,0.157997971050072
030202030405,2017-08,1.52241365808047,0.231763671234437,0.158644732622516
030202030405,2017-09,7.34802662383504,1.09000748068617,0.300425652352823
030202030405,2017-10,4.11566038664162,0.431135623667978,0.200416940365782
030202030405,2017-11,1.57220587634693,0.302432217454845,0.238358602418794
030202030405,2017-12,5.12377368898794,0.645999735539144,0.454764329883931
030202030405,2018-01,28.3579977430479,6.30762171365077,0.548975042550662
030202030405,2018-02,14.1698938786619,8.5681971015101,0.472304934152227
030202030405,2018-03,12.7756711818663,6.19616894128575,0.449417376216926
030202030405,2018-04,12.2427242834038,5.60794151460352,0.362956041233428
030202030405,2018-05,9.92603707200462,4.67477926806514,0.253061898971592
030202030405,2018-06,0.97794630254118,3.96221463398356,0.190093291925156
030202030405,2018-07,1.54595881367955,2.20858377012116,0.131441025748235
030202030405,2018-08,1.49375928028831,1.10120290948785,0.171257568708127
030202030405,2018-09,2.06288802524885,0.5972835088404,0.128327312128879
030202030405,2018-10,22.6707554797894,3.67170681976564,0.44484682414497
030202030405,2018-11,17.6642499844901,6.82185781961118,0.544037942933133
030202030405,2018-12,39.3326248444194,10.5724531300349,0.624218472344343
030202030405,2019-01,16.8207326757436,10.1236169002402,0.515384129767838
030202030405,2019-02,10.2154569582955,6.12929601560511,0.453445802550978
030202030405,2019-03,12.5519749651435,6.93024389178721,0.431435201998742
030202030405,2019-04,11.4395314881462,7.24749586600318,0.32691477645635
030202030405,2019-05,2.56602814769663,3.63984318270206,0.140312133575562
030202030405,2019-06,7.38219376201498,3.88845343832525,0.266517261946832
030202030405,2019-07,3.52422395723765,3.4430843395194,0.164645502946087
030202030405,2019-08,2.16562199512062,1.90554996887918,0.145415787886505
030202030405,2019-09,0.895380729596965,0.858391376147107,0.138865788774186
030202030405,2019-10,1.27095596007816,0.40300919922236,0.175435548367709
030202030405,2019-11,3.53762047966903,0.318812658489235,0.302962298142977
030202030405,2019-12,5.40777275292512,2.03904066175154,0.428367862221467
030202030405,2020-01,5.23111525502474,3.48578236815212,0.441572198208627
030202030405,2020-02,32.542966395092,7.07246780634083,0.502494361771617
030202030405,2020-03,5.64604896693923,5.9864909342346,0.31631173701488
030202030405,2020-04,6.43446914274778,2.60020717624236,0.21560999359722
030202030405,2020-05,3.85376737851523,1.8293858439449,0.228482943185046
030202030405,2020-06,9.68422828804688,1.92142116013518,0.298741196917145
030202030405,2020-07,1.49443801716985,2.33196993194272,0.145794167471126
030202030405,2020-08,11.3481655164355,2.4705726311007,0.257564533418692
030202030405,2020-09,6.03130452220542,1.48914481234787,0.285017153276112
030202030405,2020-10,2.19948624738051,1.92890615160216,0.275951613235775
030202030405,2020-11,7.35699259058317,1.36198988023374,0.351604696295344
030202030405,2020-12,25.8739300036496,5.68182143935557,0.570777149236818
030202030405,2021-01,33.7049895650326,12.2131147942354,0.584297865640237
030202030405,2021-02,75.0037069644061,17.7388436905247,0.715396743456876
030202030405,2021-03,7.62822569133329,12.0191886659902,0.360200129958138
030202030405,2021-04,3.4132310799116,4.77667238490655,0.206454698033243
030202030405,2021-05,1.79076398233987,2.32454815490173,0.150976584570055
030202030405,2021-06,6.85231548040015,1.93866208732308,0.235922918583714
030202030405,2021-07,2.21998071766765,1.78586262695748,0.171238116051042
030202030405,2021-08,1.44247865463584,0.918050816974593,0.152489098981589
030202030501,2013-01,0.122091011586874,0.0255136144006968,0.109433750838769
030202030501,2013-02,0.533312993772638,0.0861218412092664,0.1128755747001
030202030501,2013-03,0.158706790738785,0.204839944123443,0.082747999505757
030202030501,2013-04,0.192490233144681,0.110310755967956,0.0536405265721146
030202030501,2013-05,0.180219935642153,0.0342015501241907,0.0818747240742925
030202030501,2013-06,0.427629394576282,0.0289357113230745,0.0610261053390638
030202030501,2013-07,0.432605525483628,0.0210508933810824,0.0633285554438385
030202030501,2013-08,0.111676469983713,0.0032453711120207,0.0611214382101479
030202030501,2013-09,0.0381737133928339,4.04227193377e-05,0.0452096223659828
030202030501,2013-10,0.0517965184975724,1.2006751922e-06,0.0361110964335636
030202030501,2013-11,0.337011341735974,0.0025384198208905,0.0724023343225654
030202030501,2013-12,0.74521325469348,0.0869160610165882,0.15057683717879
030202030501,2014-01,0.353245907914745,0.320753207707003,0.115548438523859
030202030501,2014-02,0.272642782791423,0.29582856393968,0.112012636623884
030202030501,2014-03,1.74337920542551,0.32190036308832,0.126333344986118
030202030501,2014-04,0.154683800630205,0.229693186026459,0.0658740119627105
030202030501,2014-05,0.0578058919782087,0.0798765475452287,0.009427603517299
030202030501,2014-06,0.0543126826952363,0.0066249721050584,0.0342424308138199
030202030501,2014-07,9.42718262131492,0.137203909273431,0.139610680518504
030202030501,2014-08,2.55500955612751,0.479096917142125,0.0938470844151351
030202030501,2014-09,1.77273430261977,0.254005973345496,0.0928104888196114
030202030501,2014-10,0.201323768978517,0.122189221244285,0.0658511025122278
030202030501,2014-11,0.413635383246887,0.0462890206031099,0.0957597988254574
030202030501,2014-12,0.696697434626883,0.11992350296347,0.127543667903471
030202030501,2015-01,0.851392641403806,0.318502152038427,0.136597469660989
030202030501,2015-02,1.19452335738633,0.34004898575072,0.16523816954559
030202030501,2015-03,0.384871196300376,0.372272623471702,0.117917383008885
030202030501,2015-04,0.240764647099487,0.214805728916689,0.0494131975927374
030202030501,2015-05,0.710591396732945,0.121333714132991,0.0504362956149105
030202030501,2015-06,0.32310111164974,0.0448996735202962,0.0532055157639893
030202030501,2015-07,0.351034541534119,0.0085200454532782,0.0535020436357386
030202030501,2015-08,0.0822453149750762,0.0037077414743953,0.0563308301289186
030202030501,2015-09,0.14322561534915,0.000516044493188,0.040381212903948
030202030501,2015-10,3.78449544826756,0.139297314353709,0.118285101703574
030202030501,2015-11,0.175752612619903,0.0798463447151857,0.0950978732758051
030202030501,2015-12,1.0289105801825,0.0466388411794148,0.131830012875248
030202030501,2016-01,0.3244012616298,0.212568318133786,0.149698024105011
030202030501,2016-02,30.3812883809255,1.07944917435466,0.293823685477804
030202030501,2016-03,0.233999837479566,0.64777924366524,0.117997255331285
030202030501,2016-04,0.120319428351626,0.14327957662374,0.0742140190988406
030202030501,2016-05,0.353624426810151,0.0364261554405175,0.10256683994034
030202030501,2016-06,0.689819181879683,0.072912730179752,0.047531718819732
030202030501,2016-07,0.312984596582673,0.0528285092061948,0.0490605989564558
030202030501,2016-08,0.319970458271452,0.0059775150688966,0.0347541704784511
030202030501,2016-09,0.633470528214768,0.0044727861817459,0.0666901935262238
030202030501,2016-10,16.1162982901776,0.53316676716156,0.202709685436507
030202030501,2016-11,0.0544963769168125,0.310840348751752,0.110425612891697
030202030501,2016-12,0.299451171804607,0.13060570648356,0.155958747115684
030202030501,2017-01,0.792036613629371,0.199522248692636,0.176928824017305
030202030501,2017-02,0.110583523240331,0.166183396410758,0.109415060206967
030202030501,2017-03,0.10975024909961,0.0872022454931827,0.0837117520028554
030202030501,2017-04,0.116753258016624,0.0171688853196533,0.0740411053171109
030202030501,2017-05,0.367353562166219,0.0104511012080016,0.0715788809964871
030202030501,2017-06,0.236080291809263,0.0122560600007515,0.0416673469077822
030202030501,2017-07,0.203275442070318,0.0147072702270191,0.053194251312607
030202030501,2017-08,0.187791984146687,0.0024580147902326,0.0500338827643605
030202030501,2017-09,7.4979378133263,0.198255431985262,0.119164841576949
030202030501,2017-10,0.0670199518750454,0.113579754647253,0.0646493745116258
030202030501,2017-11,0.0543074051911986,0.040730005151581,0.111255761606585
030202030501,2017-12,0.517058615579114,0.0402132315381456,0.150669329419534
030202030501,2018-01,1.09274505996643,0.0943848519542196,0.158111957768164
030202030501,2018-02,0.305696633265683,0.2294514417902,0.0929060993493986
030202030501,2018-03,0.616755011860673,0.286755042260634,0.131355420326656
030202030501,2018-04,1.02001733446294,0.272529474116793,0.0908175699402798
030202030501,2018-05,0.944288191666353,0.256959085958344,0.065596733974635
030202030501,2018-06,0.0494573635022098,0.179856993374154,0.0350274539151188
030202030501,2018-07,0.165335402296633,0.048469170921673,0.0495348564750892
030202030501,2018-08,0.288140463701806,0.0272986644932641,0.0569071444280101
030202030501,2018-09,0.150748223173005,0.003723338024893,0.0527867424515163
030202030501,2018-10,10.6786131837171,0.348018650091247,0.147153332786925
030202030501,2018-11,0.382535479376691,0.435232776399605,0.143903109617616
030202030501,2018-12,2.3868458632167,0.596159198418612,0.177966035137532
030202030501,2019-01,0.502897171193941,0.564763902473832,0.149895406508758
030202030501,2019-02,0.357516561088702,0.309486231325414,0.116142518675636
030202030501,2019-03,0.436159830966878,0.312190201105985,0.110154968534271
030202030501,2019-04,0.419157965133459,0.351479667225135,0.0612974854014136
030202030501,2019-05,0.0768371511677177,0.192499081395098,0.0540681021450612
030202030501,2019-06,0.9175620421753,0.163357384818065,0.0596807687013645
030202030501,2019-07,0.232599321216621,0.158692287483042,0.0504915008783571
030202030501,2019-08,0.133725061116012,0.0504146995310272,0.0423281295697041
030202030501,2019-09,0.0595045411001255,0.0044771871789046,0.0133206210311215
030202030501,2019-10,0.112633767797036,0.0013761185663773,0.0547542464060901
030202030501,2019-11,0.200522316671942,0.0071032168204376,0.117962622819002
030202030501,2019-12,0.391752672687709,0.0872168217220816,0.112189439035711
030202030501,2020-01,0.19458939359575,0.16716718175986,0.092187226254174
030202030501,2020-02,3.00667112290144,0.258154396362657,0.138156400310849
030202030501,2020-03,0.109906298156855,0.288160103924759,0.0765266400457547
030202030501,2020-04,0.30835296128298,0.114953828818508,0.0558598124723219
030202030501,2020-05,0.328668888927625,0.0386067112380471,0.0599032599463475
030202030501,2020-06,0.772127224623582,0.148799647446855,0.0723158496031167
030202030501,2020-07,0.0940590958648394,0.23063977746147,0.0484882067575877
030202030501,2020-08,0.528819594374765,0.116784074000699,0.0478517907928135
030202030501,2020-09,0.273326217562891,0.0479355601950255,0.0719065447032239
030202030501,2020-10,0.0270904324660618,0.0245911391661494,0.0644088849539689
030202030501,2020-11,0.248748670069877,0.0264110811269563,0.0538382196713326
030202030501,2020-12,0.680497006859789,0.148279637835491,0.149565456956589
030202030501,2021-01,1.77104088426436,0.538146004285177,0.151411630217584
030202030501,2021-02,13.1583094095985,0.988680918510177,0.251265803622051
030202030501,2021-03,0.224149588434132,0.731567543460065,0.0574950922741137
030202030501,2021-04,0.0769540521241747,0.254877931773235,0.0444533808849201
030202030501,2021-05,0.120659315693307,0.0762443880004263,0.0661953179981633
030202030501,2021-06,0.500188414233022,0.0775343583580779,0.0562903511325465
030202030501,2021-07,0.194191047805563,0.0660683315152183,0.0638812833393161
030202030501,2021-08,0.0806095419943029,0.0102930937137391,0.0519805666586696
030202030502,2013-01,1.53971374318768,0.133183718681303,0.321571073592755
030202030502,2013-02,13.5155917137516,0.229779029268318,0.385609812319946
030202030502,2013-03,3.29192179313856,0.688033728520025,0.317566707653283
030202030502,2013-04,1.15703979709391,0.376595612148043,0.22193356823371
030202030502,2013-05,4.29442355055446,0.14352969439658,0.22443009268897
030202030502,2013-06,11.7826702129574,0.284064440330875,0.248779213821789
030202030502,2013-07,38.080575068811,1.41495203185544,0.323972428116212
030202030502,2013-08,0.502121792206916,1.27000366606084,0.180178137440187
030202030502,2013-09,0.0990173121436723,0.323536569938994,0.152890650551846
030202030502,2013-10,0.233192852800347,0.054075788921441,0.188595405592573
030202030502,2013-11,3.03114305934993,0.030088875916281,0.25764808104591
030202030502,2013-12,21.9521844210489,0.479854708321066,0.520510108618547
030202030502,2014-01,15.2782803059367,1.4541780085861,0.651739757622533
030202030502,2014-02,14.6891942394623,1.42215962906049,0.646490289687086
030202030502,2014-03,25.5278283703949,1.90688990620253,0.497884963228492
030202030502,2014-04,0.628610577728027,1.42816812206646,0.204972908891458
030202030502,2014-05,0.136535326386464,0.467584933983697,0.161970819097191
030202030502,2014-06,0.328443140431579,0.083059490722048,0.149290386869661
030202030502,2014-07,56.9152867582297,1.17351772195905,0.439666607474759
030202030502,2014-08,2.36039647791898,2.2823372219981,0.217987908015416
030202030502,2014-09,2.31130485159388,1.01271515736693,0.233736668088267
030202030502,2014-10,0.571369135394774,0.393659319470773,0.214687090534006
030202030502,2014-11,10.5643506430036,0.149855545379011,0.281250186216067
030202030502,2014-12,17.2347317740442,0.650733667238853,0.488746133364123
030202030502,2015-01,25.3636695555296,1.58335315411458,0.732861928629581
030202030502,2015-02,22.8895772658414,2.09292756345,0.779172277583939
030202030502,2015-03,12.5724931361394,2.96701076707797,0.658278934743827
030202030502,2015-04,3.37822226638333,1.48380934160579,0.258315451614552
030202030502,2015-05,17.2281910473578,1.1925941247232,0.261986419609765
030202030502,2015-06,1.22433460291369,0.668501607141688,0.184459025200384
030202030502,2015-07,2.03215901499884,0.203540212625808,0.200201659720846
030202030502,2015-08,1.30118850950028,0.114051531100691,0.157021306922025
030202030502,2015-09,2.41615916294319,0.11483852570557,0.212556642329222
030202030502,2015-10,23.9312051757589,1.08138645631943,0.438037701088413
030202030502,2015-11,3.21970378248666,0.998635862719272,0.322722427433563
030202030502,2015-12,16.8910009820771,0.618706431151711,0.30830978674368
030202030502,2016-01,13.1685646051297,1.15362377718162,0.51731456156158
030202030502,2016-02,32.0748944799572,2.13161745657764,0.771338269924897
030202030502,2016-03,7.01583323387574,2.09312012162685,0.35676969889148
030202030502,2016-04,0.485762481409519,0.998352327007096,0.206576806434776
030202030502,2016-05,6.63637410178432,0.433129947971427,0.235030043590716
030202030502,2016-06,10.8572305798194,0.485279500059526,0.246517077710102
030202030502,2016-07,1.49438413774398,0.257046526367621,0.190033089142136
030202030502,2016-08,0.703949938091947,0.0799758929060398,0.155532687807
030202030502,2016-09,5.54288627303792,0.0501094798162064,0.195665504200114
030202030502,2016-10,53.7742553033403,5.59786581847359,0.591382932783895
030202030502,2016-11,2.30223407141763,2.63986517518235,0.276447749187185
030202030502,2016-12,4.02970881835749,1.26499490624671,0.371839929325475
030202030502,2017-01,19.4162825704211,1.17856991262194,0.491029641676687
030202030502,2017-02,1.23058504922251,0.961073204853217,0.279752491941298
030202030502,2017-03,1.11537390811276,0.482658135991355,0.241448738933026
030202030502,2017-04,0.630515847711455,0.109550532933845,0.185751414304925
030202030502,2017-05,2.72538358867074,0.0359857919781841,0.217004828940275
030202030502,2017-06,1.49501520343653,0.0429857495637016,0.195461285964024
030202030502,2017-07,1.08915284551588,0.0474596423323357,0.188910461076569
030202030502,2017-08,3.13885431516585,0.0844826700446545,0.227010451484935
030202030502,2017-09,19.7822176546694,0.712916142063103,0.282735105699938
030202030502,2017-10,0.317158338619848,0.416544802460388,0.181795781784728
030202030502,2017-11,0.365694926938628,0.080792318800283,0.230301977331832
030202030502,2017-12,11.4344550139492,0.244063730113993,0.42121086240263
030202030502,2018-01,28.3693648068521,0.77572900854545,0.599870720030922
030202030502,2018-02,15.2049676723519,1.76208693003774,0.702803707898748
030202030502,2018-03,21.0407927200826,2.09766863874764,0.430763509058757
030202030502,2018-04,11.8407772651635,1.53544888789843,0.2877896293386
030202030502,2018-05,3.96972803214909,1.02859409931482,0.184194424071954
030202030502,2018-06,0.221356215111782,0.341203035124162,0.174058783786549
030202030502,2018-07,1.06636719669081,0.0752529947520467,0.168732653789927
030202030502,2018-08,1.06011303625048,0.0651144177542953,0.181120188351543
030202030502,2018-09,1.00072530790367,0.0597826995538146,0.15852261998173
030202030502,2018-10,19.5615091943573,0.434305196665388,0.379140842434759
030202030502,2018-11,14.4051542127556,1.15163295495797,0.464527678077064
030202030502,2018-12,31.0915861440361,1.70426464182995,0.625313968209203
030202030502,2019-01,15.1208559507564,2.10790996295511,0.658089687345678
030202030502,2019-02,15.8745894236574,1.60925111342969,0.482392261292458
030202030502,2019-03,10.679719417288,1.8385606087258,0.360120536079594
030202030502,2019-04,2.9308455447978,1.10221563586827,0.219573752497203
030202030502,2019-05,0.535773440634935,0.278939885135506,0.165943821188071
030202030502,2019-06,35.8664333838433,0.927427098540521,0.365223411392875
030202030502,2019-07,2.905113186393,1.14357728156181,0.211239540961801
030202030502,2019-08,1.25207126720013,0.365261525036839,0.211271887493138
030202030502,2019-09,2.08551133694677,0.144533260467417,0.193837644066054
030202030502,2019-10,0.582855163396754,0.111259170801991,0.2065743969325
030202030502,2019-11,3.34635326117154,0.122908568932781,0.324442574325763
030202030502,2019-12,11.2280981932393,0.438144130035034,0.437856231702014
030202030502,2020-01,0.937575489679902,0.552602951864229,0.282429431075537
030202030502,2020-02,27.2159399664598,0.768446611866545,0.443198491325792
030202030502,2020-03,1.32237131633772,1.19228657757356,0.236608287831355
030202030502,2020-04,2.45283693567748,0.449480600698984,0.217141772358916
030202030502,2020-05,1.49643148506841,0.15158709033322,0.220068337655883
030202030502,2020-06,31.9760995262609,0.506501223936528,0.388487636970549
030202030502,2020-07,0.51367264699964,1.20079054805169,0.183201771133397
030202030502,2020-08,23.1876790043277,1.10675032529504,0.261194058729492
030202030502,2020-09,4.90305936440615,0.690666167635051,0.285369963299598
030202030502,2020-10,0.0706953641027838,0.419807931839372,0.205579680473378
030202030502,2020-11,0.611745772707371,0.164777715753329,0.224327217418199
030202030502,2020-12,15.4925584116856,0.207745736045136,0.391744010873138
030202030502,2021-01,31.45923021217,1.33652821164305,0.699483680201294
030202030502,2021-02,112.305392937906,26.0272930503978,0.919281065743398
030202030502,2021-03,18.588044458722,14.5588054142916,0.499565774070023
030202030502,2021-04,2.63796206266625,2.92037011144155,0.20679635197031
030202030502,2021-05,1.50170818800222,0.867673488322509,0.189863270884254
030202030502,2021-06,24.8686179128867,0.919268031298112,0.282027732807596
030202030502,2021-07,2.14847730879344,0.7008709527437,0.205790036593837
030202030502,2021-08,0.772214728601542,0.170390523665269,0.172485990434125
030202030503,2013-01,0.594721039777138,0.0225944966510329,0.225349540902449
030202030503,2013-02,10.150940813533,0.0978467733444872,0.300142139790327
030202030503,2013-03,2.46305423922503,0.367754754989506,0.24274062385544
030202030503,2013-04,0.620307642567492,0.200068964344386,0.163434288450636
030202030503,2013-05,1.76916944811255,0.0388135171737082,0.165533807631799
030202030503,2013-06,4.97319822878685,0.0675043697781761,0.171416891072155
030202030503,2013-07,26.2724246900482,0.644535343894043,0.233012786059953
030202030503,2013-08,0.168442503642303,0.596044796171538,0.136695352795957
030202030503,2013-09,0.0231163129785368,0.127535799630616,0.115313449213617
030202030503,2013-10,0.114659519465432,0.0019836137791693,0.138428001960849
030202030503,2013-11,1.58068786086958,0.0032237337474962,0.19156900638821
030202030503,2013-12,12.8422041526612,0.206186466478714,0.377096754880315
030202030503,2014-01,10.306553729734,0.692862271578277,0.420910195176674
030202030503,2014-02,9.92586436446907,0.700497738458668,0.398525314605813
030202030503,2014-03,15.5185197442639,0.943234685245966,0.30993580671784
030202030503,2014-04,0.229830135981698,0.668706999136809,0.150814069314744
030202030503,2014-05,0.0612499831537765,0.181344690119134,0.10659038456359
030202030503,2014-06,0.0738700903631887,0.0045118506016512,0.109170134641811
030202030503,2014-07,42.1988624979353,0.617719446466172,0.322302098885143
030202030503,2014-08,1.36378442607273,1.19188809933594,0.170273143837781
030202030503,2014-09,1.68005364986097,0.509106591236997,0.191614976240229
030202030503,2014-10,0.369822559361074,0.175742941742863,0.16903678104807
030202030503,2014-11,7.22472179267807,0.0381584336439254,0.220250579357448
030202030503,2014-12,10.9687725638624,0.30369722322451,0.342203563291346
030202030503,2015-01,17.0960974113245,0.787550369131119,0.475067957200719
030202030503,2015-02,17.6557567586806,1.01108637105057,0.492724697875521
030202030503,2015-03,7.79769599984088,1.40995434276975,0.405579467458956
030202030503,2015-04,2.12919636778069,0.769729226025009,0.191817262139948
030202030503,2015-05,8.68514351824505,0.562040816511033,0.1942055717985
030202030503,2015-06,0.745792898160607,0.234276575469143,0.141643774090983
030202030503,2015-07,0.628796627293234,0.0279671834752482,0.140885852914303
030202030503,2015-08,0.14449333025661,0.0001945081834435,0.120809989064285
030202030503,2015-09,1.18779880524553,4.2438160765e-05,0.152287378425088
030202030503,2015-10,18.1826123028027,0.526848415033921,0.332446924302906
030202030503,2015-11,1.40408253773906,0.450932949402419,0.228625817881471
030202030503,2015-12,8.78066445425561,0.249006395459189,0.246771585404786
030202030503,2016-01,6.85096200750851,0.464890233025181,0.37245988246681
030202030503,2016-02,32.4014317947641,1.21749060209144,0.611167878752543
030202030503,2016-03,5.22760342782584,1.1627559413454,0.270158328538498
030202030503,2016-04,0.241638374674245,0.502848269531928,0.154375475334513
030202030503,2016-05,2.52856726348394,0.16477605583974,0.186109251046216
030202030503,2016-06,7.55157896462524,0.168613929571197,0.181891153161982
030202030503,2016-07,0.610456364317856,0.0582161718069904,0.130276547415355
030202030503,2016-08,0.375564356501487,0.0004915753366578,0.114057426175711
030202030503,2016-09,3.53548764709757,0.002060467700546,0.148747051003736
030202030503,2016-10,39.2638018670282,2.7770506793373,0.472873222979093
030202030503,2016-11,1.32174753400851,1.27814595014033,0.217871830284377
030202030503,2016-12,2.0341518412729,0.5763547512853,0.284874555088971
030202030503,2017-01,8.8188908891774,0.507871380950847,0.349487571719275
030202030503,2017-02,0.801381252558961,0.374634108008114,0.218722206322666
030202030503,2017-03,0.749641188390717,0.164099426092549,0.195412884695778
030202030503,2017-04,0.446928795511743,0.019836253995908,0.160406900805542
030202030503,2017-05,1.12570710269664,0.0036635073651208,0.16140766053198
030202030503,2017-06,0.621082133315024,0.0015199607504896,0.141309443228345
030202030503,2017-07,0.501453004895142,0.0015919860981323,0.149717710119939
030202030503,2017-08,2.15958999378723,0.0219664705277071,0.170563820392799
030202030503,2017-09,16.9649431749169,0.41188285981819,0.237327874482703
030202030503,2017-10,0.148505883975218,0.249521940318629,0.14113109616271
030202030503,2017-11,0.155383950933349,0.0477276919446656,0.186961235080332
030202030503,2017-12,6.07710813033233,0.099379016435165,0.320795787074814
030202030503,2018-01,18.9574497931504,0.346869990851769,0.422734751402586
030202030503,2018-02,11.6127374649921,0.876133442342189,0.447474458734479
030202030503,2018-03,8.89387040826045,0.976662096816285,0.312781750397158
030202030503,2018-04,9.02705827544764,0.680536317748297,0.224285182677276
030202030503,2018-05,2.2849269930471,0.484886849170825,0.150984089917465
030202030503,2018-06,0.108381686135752,0.132755677567185,0.131085297696859
030202030503,2018-07,0.209269345961814,0.0065738851039646,0.129333785148516
030202030503,2018-08,0.526675547465292,0.0022244672359603,0.140390698140213
030202030503,2018-09,0.268669804317342,0.000279384570822,0.122306834587078
030202030503,2018-10,17.5405255845697,0.288294990298351,0.309526187187286
030202030503,2018-11,7.47780380565642,0.637506151427879,0.342367557691224
030202030503,2018-12,18.6108167410667,0.809800661789587,0.4441302739153
030202030503,2019-01,9.34530080516859,1.00359027863369,0.419287333537203
030202030503,2019-02,5.68703264564266,0.741135737867325,0.294722648199406
030202030503,2019-03,5.18166486784877,0.760651558937395,0.266354633504373
030202030503,2019-04,1.92911672023318,0.451534369638359,0.174739314765976
030202030503,2019-05,0.319032363245856,0.0900004596998801,0.128789902685813
030202030503,2019-06,25.4241186562745,0.497426330703542,0.256844858590814
030202030503,2019-07,0.892303371917358,0.577844286396756,0.149207362653541
030202030503,2019-08,0.628047392727996,0.13303042513012,0.150817493744781
030202030503,2019-09,0.553769351926189,0.0083022519435977,0.135627938676622
030202030503,2019-10,0.300683733930294,0.0001131684219531,0.158917259777662
030202030503,2019-11,1.44017305125626,0.0183037411916204,0.243555254044866
030202030503,2019-12,4.18774031332191,0.141131332392324,0.295281254377482
030202030503,2020-01,0.352468308577934,0.166801773703988,0.193460173406366
030202030503,2020-02,21.3409837935354,0.367209448516969,0.350274456128601
030202030503,2020-03,0.795615620454841,0.638185474665929,0.188690146433678
030202030503,2020-04,1.69094292639596,0.240329706543846,0.176153061420364
030202030503,2020-05,0.77116746130434,0.0641877078116507,0.175062687622911
030202030503,2020-06,22.3245150051168,0.24019521119577,0.286921090471211
030202030503,2020-07,0.205774391089614,0.579363630803219,0.13803525161709
030202030503,2020-08,14.3903877567967,0.474463887753093,0.196239201805635
030202030503,2020-09,3.0916106438766,0.24135039183289,0.220014506156157
030202030503,2020-10,0.035731661396437,0.123715706426926,0.15763242085249
030202030503,2020-11,0.299154891194541,0.0134118953162408,0.159131521835018
030202030503,2020-12,9.38926565269131,0.068877357887319,0.301560629794011
030202030503,2021-01,21.5051407701707,0.659366550234394,0.480900773379867
030202030503,2021-02,90.6222590505272,11.2589421109352,0.695479946627941
030202030503,2021-03,11.3932881597294,6.84394561379931,0.357601642507234
030202030503,2021-04,1.41986156033629,1.4883138891687,0.158847833244047
030202030503,2021-05,0.709678072752883,0.462736277844796,0.150944919172415
030202030503,2021-06,15.6378005161371,0.438482004399747,0.204137734248586
030202030503,2021-07,1.22558829743756,0.296552486068375,0.16297507414093
030202030503,2021-08,0.337386547830554,0.0405482039700499,0.13575915498549
030202030504,2013-01,1.08467189524738,0.132787476454503,0.303221094818901
030202030504,2013-02,14.0396065770416,0.304549927110812,0.393806578010285
030202030504,2013-03,3.44644801456136,0.797954402188756,0.323722639940177
030202030504,2013-04,0.896251074920179,0.400600238577658,0.221990052013546
030202030504,2013-05,3.07485469065876,0.138485087922061,0.216469381646026
030202030504,2013-06,8.8496032596062,0.325513028306517,0.237058686880644
030202030504,2013-07,38.0532556334282,1.53113179850002,0.321599287775051
030202030504,2013-08,0.261208454645021,1.21068512972758,0.177894305804003
030202030504,2013-09,0.0374741542723524,0.275931428480884,0.152102475733945
030202030504,2013-10,0.166599575873362,0.0303348006518517,0.188893757546622
030202030504,2013-11,2.42835875165044,0.0213382076232468,0.254466657591836
030202030504,2013-12,19.7854755545694,0.488781973323137,0.504837118148059
030202030504,2014-01,15.0911149545615,1.42372828338152,0.610171287639774
030202030504,2014-02,14.5640363019703,1.39304341332149,0.590773005389473
030202030504,2014-03,23.6276030922068,1.88099442379784,0.446511088236003
030202030504,2014-04,0.33412808019035,1.29854834965706,0.200023822156274
030202030504,2014-05,0.0940909665050025,0.391778889813742,0.159190654528834
030202030504,2014-06,0.110264792902054,0.0527004906325051,0.147987198745904
030202030504,2014-07,56.7377965219168,1.15552459189925,0.42620796190001
030202030504,2014-08,1.45756793871144,2.06799820641142,0.21513216504576
030202030504,2014-09,1.66760500463843,0.862054693454301,0.240323222665716
030202030504,2014-10,0.485906865589216,0.291881125103945,0.219644274836955
030202030504,2014-11,10.3806715204856,0.0894972133068894,0.283303522646639
030202030504,2014-12,16.4109500299578,0.621035219153084,0.469203181955226
030202030504,2015-01,24.8714938649647,1.60276786327406,0.684904821572
030202030504,2015-02,24.3187117260272,2.00104987429442,0.712937929793808
030202030504,2015-03,12.0792218521512,2.72816520006428,0.600666211332989
030202030504,2015-04,3.06475797938799,1.47056525087109,0.263632659408243
030202030504,2015-05,14.1300306203553,1.37131496128458,0.266552555173105
030202030504,2015-06,1.03948092966377,0.638079966992621,0.187333334318264
030202030504,2015-07,0.986846207495228,0.168020706467773,0.193269546014069
030202030504,2015-08,0.214829539697007,0.0613860155857266,0.156311260542119
030202030504,2015-09,1.90591696651053,0.026805829700598,0.210540738685701
030202030504,2015-10,24.3897432437484,1.05458426623067,0.43914200399951
030202030504,2015-11,2.37755067500455,0.941986974617208,0.310190832160271
030202030504,2015-12,14.0297936288245,0.56653630415516,0.30886228665042
030202030504,2016-01,11.3537025412078,1.05972551141507,0.500457358231147
030202030504,2016-02,33.6362022068746,2.15941047338366,0.7708062774019
030202030504,2016-03,7.32581188899292,2.00627620632213,0.352837517314186
030202030504,2016-04,0.348761073564304,0.934160316407613,0.201430924146563
030202030504,2016-05,4.00601078377293,0.368432522386664,0.233286618734971
030202030504,2016-06,10.6145593704277,0.350835239480131,0.24852105244463
030202030504,2016-07,0.918219995773964,0.135531696637267,0.179245194646835
030202030504,2016-08,0.445011496187921,0.0162821019685789,0.154758932032444
030202030504,2016-09,4.97990778359535,0.0130691415994924,0.192349495014344
030202030504,2016-10,52.0988167278753,4.99153233063552,0.600906608976952
030202030504,2016-11,2.09026602433271,2.40508170472405,0.275837043595374
030202030504,2016-12,3.3061371586147,1.1354798984082,0.362546619357265
030202030504,2017-01,15.4437403730827,1.106768499765,0.463877875912299
030202030504,2017-02,1.18754957254342,0.851405621876406,0.280044008233016
030202030504,2017-03,1.06677801402711,0.421864316564429,0.249776953341364
030202030504,2017-04,0.603771634494289,0.100494494080309,0.197810029850758
030202030504,2017-05,1.65126560682578,0.0333650732713115,0.211688387226509
030202030504,2017-06,0.94056924161117,0.0140304004732501,0.194084448101694
030202030504,2017-07,0.697277063032394,0.0071898172004768,0.193421500760757
030202030504,2017-08,2.98445470244257,0.0617259792151695,0.231191273650775
030202030504,2017-09,20.9961279331758,0.646217721175696,0.291736665348307
030202030504,2017-10,0.21862395204242,0.384138866719144,0.181928360754817
030202030504,2017-11,0.227363607066777,0.0715121737500678,0.228411590405804
030202030504,2017-12,9.75709409851993,0.229851391542505,0.413867582967242
030202030504,2018-01,27.8444361270185,0.811337487352546,0.576177317649676
030202030504,2018-02,16.2244149038465,1.90848023372255,0.659897041550042
030202030504,2018-03,16.2597795321705,2.02404979478243,0.418753628657357
030202030504,2018-04,12.2896803074023,1.44268708687791,0.291780006592726
030202030504,2018-05,3.14958939309248,0.975309225861594,0.190863799480383
030202030504,2018-06,0.168682820641595,0.338998993393315,0.177139671370998
030202030504,2018-07,0.285315913132811,0.06751074152628,0.169279166991955
030202030504,2018-08,0.745723710483051,0.0583518251080701,0.18239745831728
030202030504,2018-09,0.410713331189065,0.0618406312086979,0.159253133096217
030202030504,2018-10,19.909757799344,0.404993993588555,0.387870944378552
030202030504,2018-11,12.2623310330258,1.09477501729411,0.454408045456005
030202030504,2018-12,28.5644849523118,1.64938436549802,0.600277237626132
030202030504,2019-01,14.38311544764,2.03274410880021,0.601798821025549
030202030504,2019-02,11.5523483161349,1.5043409395188,0.42933619017536
030202030504,2019-03,8.70803863389163,1.63070987191219,0.35334972818701
030202030504,2019-04,2.70692288687717,0.983097059540667,0.227603134750744
030202030504,2019-05,0.469975035227375,0.236324822650633,0.16679424140889
030202030504,2019-06,36.0646188524829,0.952018866991379,0.359804343512615
030202030504,2019-07,1.56628650463052,1.16678895765107,0.204998703043341
030202030504,2019-08,0.991968046506646,0.383159735253639,0.209665643095301
030202030504,2019-09,0.907234840350133,0.0864214665372123,0.196705366534701
030202030504,2019-10,0.432832737607029,0.0286473610489585,0.209342292519423
030202030504,2019-11,2.50528660524192,0.0734012214219559,0.31552262254795
030202030504,2019-12,8.18520847796158,0.375810170667978,0.411564596850189
030202030504,2020-01,0.640533423417376,0.414852085889435,0.264771038534104
030202030504,2020-02,28.7730706739894,0.821113624749609,0.453825654252765
030202030504,2020-03,1.207770757571,1.27795196044037,0.24457983629833
030202030504,2020-04,2.26330651642584,0.478572655014229,0.230335045726332
030202030504,2020-05,1.06760107765412,0.281903887077403,0.229172298010427
030202030504,2020-06,31.894192157436,0.636306172173259,0.392867548683314
030202030504,2020-07,0.333148747477362,1.23079898402448,0.183882136169795
030202030504,2020-08,21.3822133984508,1.02204939867308,0.267115227713767
030202030504,2020-09,4.46691869946555,0.579306915163617,0.291559882023644
030202030504,2020-10,0.0619192121115197,0.331792511879645,0.206793804757828
030202030504,2020-11,0.434005639289274,0.100383981988788,0.219841162201439
030202030504,2020-12,14.2974353949158,0.226803181415188,0.386722638487489
030202030504,2021-01,31.3348411689862,1.42635270851795,0.670640982929712
030202030504,2021-02,121.057522265081,21.29445973172,0.918628158015062
030202030504,2021-03,17.849147385175,12.6598992168659,0.50715423621806
030202030504,2021-04,2.26969497790556,2.73888851292693,0.214125418420173
030202030504,2021-05,1.10332291849362,0.866781880694862,0.19271693538502
030202030504,2021-06,23.3771272504531,0.855527861228828,0.281284428351031
030202030504,2021-07,1.77024914521045,0.58373641236748,0.210678413269884
030202030504,2021-08,0.499279038194783,0.109243666160805,0.175965501877951
030202030505,2013-01,3.12070959228375,5.23306902189748,0.482018160901625
030202030505,2013-02,19.5805931294993,9.88169999205377,0.567891580997994
030202030505,2013-03,4.84264458179393,15.2806205579342,0.447182725296726
030202030505,2013-04,2.51957815838073,6.50574511208311,0.341821242002913
030202030505,2013-05,3.35541171400717,4.34664395591129,0.304513046393403
030202030505,2013-06,21.3319699520959,11.4643338378184,0.329038367901382
030202030505,2013-07,38.0882186986249,28.1521100829592,0.371364977004001
030202030505,2013-08,2.28428330542677,13.6470719109014,0.2093358335046
030202030505,2013-09,1.20449321552361,3.95899742572074,0.141729265375768
030202030505,2013-10,0.902158728355877,1.56664730285423,0.170713931432045
030202030505,2013-11,2.25187451957064,0.961472121794162,0.301606412367297
030202030505,2013-12,12.0238380159097,8.37085984054501,0.595039496505162
030202030505,2014-01,11.2508381164986,17.521834824343,0.608261528827047
030202030505,2014-02,7.99913499900409,16.0027824034823,0.554794746438057
030202030505,2014-03,20.874633433446,19.842495502134,0.462976933801899
030202030505,2014-04,2.14509261127453,8.87679123565795,0.274683479783633
030202030505,2014-05,1.18915878305335,3.08247717045163,0.168330001820267
030202030505,2014-06,0.81127077268592,1.23971387768389,0.130930512145269
030202030505,2014-07,38.9898165588975,11.6043188335417,0.443826165255717
030202030505,2014-08,2.32869460912207,11.5072845347428,0.212207561299578
030202030505,2014-09,2.15968145603519,4.63521964744819,0.283866860804985
030202030505,2014-10,1.18181566814086,2.41636674778434,0.258379963661233
030202030505,2014-11,10.1510810817723,2.22546417631969,0.356311405921731
030202030505,2014-12,11.4387468499673,8.34644596224252,0.541232339120074
030202030505,2015-01,25.7074807033389,20.9884221792718,0.658219686423364
030202030505,2015-02,20.0579366392314,19.7308282722995,0.620609389736814
030202030505,2015-03,8.71895483001763,20.121978431506,0.494785869236887
030202030505,2015-04,10.5081211451318,13.0148571417229,0.367339002194525
030202030505,2015-05,17.1121852849196,26.8522364784971,0.350248716869421
030202030505,2015-06,3.17279647230162,12.4714018691782,0.239325209356163
030202030505,2015-07,3.03027687320984,5.84124856776398,0.294427366499361
030202030505,2015-08,1.37083505901026,3.40243580006883,0.206151152710166
030202030505,2015-09,2.02618226231031,1.48058031659401,0.238819996984076
030202030505,2015-10,20.9084454607714,12.0486187244246,0.432884239835586
030202030505,2015-11,4.1500392205844,9.2161493013892,0.475537382287961
030202030505,2015-12,10.0285103004937,6.64081251108552,0.484794258565771
030202030505,2016-01,8.71444618526354,14.0878082443209,0.570030119460818
030202030505,2016-02,33.0889787422232,28.3926517365051,0.710551725767173
030202030505,2016-03,4.17709075799621,14.0548054535156,0.382524891967027
030202030505,2016-04,1.50837998316111,4.63750865660468,0.250855040653284
030202030505,2016-05,3.82593018004308,3.81685519460529,0.30305873838139
030202030505,2016-06,12.4500577928682,3.32206185392559,0.323985147730633
030202030505,2016-07,1.09554922422194,1.4420516316856,0.189500481416039
030202030505,2016-08,0.87880792720776,0.655330818519761,0.18178331425231
030202030505,2016-09,2.82492248438407,0.50600498604955,0.233591785032707
030202030505,2016-10,55.5301031986371,26.7817541468312,0.557057710619377
030202030505,2016-11,3.23530359505789,15.450738657639,0.293989366955599
030202030505,2016-12,3.99389183220494,6.70917248521781,0.509787763757053
030202030505,2017-01,12.1825819234283,12.3111431153522,0.54903782125593
030202030505,2017-02,3.75703001027655,9.3628305714997,0.423522029755543
030202030505,2017-03,2.87017364137676,6.03858028808864,0.374373608335977
030202030505,2017-04,1.58985387127303,3.00093727074273,0.270576696483466
030202030505,2017-05,2.33738792108661,1.45654810515818,0.29600083195785
030202030505,2017-06,1.04196483381899,0.73834474353267,0.26452028613669
030202030505,2017-07,0.908331142621064,0.383702819897227,0.204970924896974
030202030505,2017-08,5.03067233940285,1.62147315059447,0.322380704538705
030202030505,2017-09,4.71158658094324,2.57416904032673,0.29684864984904
030202030505,2017-10,1.00521379961773,1.13742129187752,0.271013037823691
030202030505,2017-11,0.680282105151042,0.555710418095634,0.335781320361876
030202030505,2017-12,8.4817043876613,3.51708751786948,0.528707778752651
030202030505,2018-01,25.1931963517931,13.1243935077124,0.634493343649975
030202030505,2018-02,16.3497075927094,27.1882068727689,0.578454968266142
030202030505,2018-03,9.94048431529277,18.8870202795115,0.526091539475149
030202030505,2018-04,9.52753560165628,13.9490238523794,0.398688285222642
030202030505,2018-05,5.28969319183473,9.49185238438077,0.275909976657638
030202030505,2018-06,1.95803125268346,7.33288853179425,0.201452288799208
030202030505,2018-07,1.33397731258309,3.16896378976309,0.151242693331204
030202030505,2018-08,3.94844168060073,3.41337139565556,0.287432097264957
030202030505,2018-09,1.52554557473067,3.7713369437888,0.206406804150339
030202030505,2018-10,12.285947077275,4.70902201733542,0.428773455412886
030202030505,2018-11,7.13677968000087,10.1191140007994,0.494681860623266
030202030505,2018-12,21.2898304278871,20.1628063589273,0.607126843003445
030202030505,2019-01,8.50196254089525,21.3551689666985,0.548512809392534
030202030505,2019-02,6.91425005020299,13.406828992442,0.472207870515553
030202030505,2019-03,7.4578443481668,14.7961716427918,0.449704957228858
030202030505,2019-04,4.59317132734633,10.9909542257329,0.287004046704183
030202030505,2019-05,1.58341967534366,4.59117169027019,0.158814622240778
030202030505,2019-06,26.5897747911288,11.1360627628955,0.359827651792511
030202030505,2019-07,7.22535321994011,15.561594623043,0.258959732748962
030202030505,2019-08,3.1795943007419,10.6333987133373,0.248513894392715
030202030505,2019-09,1.98137347579838,4.1796079662484,0.23185024480479
030202030505,2019-10,1.09296518705627,1.73569891196818,0.230062579065018
030202030505,2019-11,2.47228553271846,2.480137685748,0.433675711748091
030202030505,2019-12,4.46266330206404,6.75155463396234,0.493863344687388
030202030505,2020-01,2.39754974688687,4.8250575447736,0.435051451049744
030202030505,2020-02,27.2323087045515,14.7525311915443,0.581013652294118
030202030505,2020-03,3.5928593807667,17.9646174647358,0.326538382478834
030202030505,2020-04,9.13459312150677,7.13967599568413,0.343480319276686
030202030505,2020-05,4.15584681417408,12.0946089657917,0.334374558013621
030202030505,2020-06,26.0296032670769,16.4552774342795,0.409715897600184
030202030505,2020-07,2.67020004691327,17.3586153799794,0.160569736250079
030202030505,2020-08,15.6975643591186,11.4474041103481,0.291368946406327
030202030505,2020-09,4.28233267048383,6.20305123811168,0.349720296570755
030202030505,2020-10,1.39052894846768,4.30572428986313,0.270570456253569
030202030505,2020-11,1.40206271355541,2.4142650775514,0.320003230400904
030202030505,2020-12,15.5694860748273,6.88811087159011,0.553272614762264
030202030505,2021-01,27.1822997433276,22.4298860052681,0.675768726562947
030202030505,2021-02,115.228626198941,51.4674457052688,0.874627128734617
030202030505,2021-03,8.26109419477486,45.7608646579168,0.464949258161414
030202030505,2021-04,3.11948296537944,11.3308782448619,0.2502710709703
030202030505,2021-05,1.52374228546404,3.52769794415243,0.174584902666422
030202030505,2021-06,12.1847837506706,5.25307768650011,0.343723639628395
030202030505,2021-07,2.32010907226007,3.26611445578472,0.289485399678962
030202030505,2021-08,1.05227755881553,1.39676698230909,0.211219244868443
030202030701,2013-01,1.74408292313649,1.54805935590525,0.429443097843955
030202030701,2013-02,14.8456742582239,6.29696839292707,0.525411587145996
030202030701,2013-03,4.70360695169288,10.4617897684566,0.474346539045095
030202030701,2013-04,1.84782842958754,6.55647114314236,0.300998796416885
030202030701,2013-05,1.1250059969231,4.28864373518799,0.217493739642247
030202030701,2013-06,3.78950693977844,4.9107669355779,0.299146702057958
030202030701,2013-07,4.76603694133134,8.67954152940698,0.310502921285729
030202030701,2013-08,0.137302476957984,6.3835449997506,0.12182554088058
030202030701,2013-09,0.0088404381194209,2.96850913794686,0.110019110461729
030202030701,2013-10,0.0326691547151832,1.35970013074333,0.133508190952314
030202030701,2013-11,0.441320137220313,0.658317591568477,0.242802583944317
030202030701,2013-12,18.7049774148299,4.15059019503356,0.586701521145553
030202030701,2014-01,17.0952958298616,11.763362755309,0.592607693068343
030202030701,2014-02,12.5028542010297,9.49515803868931,0.560805613006619
030202030701,2014-03,28.1415006063523,9.36273500435228,0.501093213104166
030202030701,2014-04,0.550907429718048,7.03108953152938,0.236253324708679
030202030701,2014-05,0.146551729313904,3.9310919611863,0.123988442585809
030202030701,2014-06,0.0847709029270584,1.65836829958121,0.0940572211570109
030202030701,2014-07,11.2422183967968,5.57322338189385,0.40326523929275
030202030701,2014-08,2.55638400163986,7.77406453115968,0.241135350548541
030202030701,2014-09,0.365329455230023,4.1341727527599,0.176978878216443
030202030701,2014-10,0.140012551452865,2.10059713672141,0.15692413414267
030202030701,2014-11,1.85942794227125,1.07368773759596,0.274915326882368
030202030701,2014-12,19.7482642964432,3.58906489620048,0.59887617955594
030202030701,2015-01,36.5351428274896,11.0803602449827,0.634450396639175
030202030701,2015-02,26.7967040660501,11.5402979417466,0.588478489525947
030202030701,2015-03,5.02160647857672,12.6700770516203,0.495502002024892
030202030701,2015-04,2.99439420662898,7.37920143851076,0.336743335371384
030202030701,2015-05,13.3197098634147,10.4498131017237,0.323571643122031
030202030701,2015-06,0.830262973901699,7.20168602083359,0.161167952754876
030202030701,2015-07,0.615763519421883,3.7657109098003,0.1616969257248
030202030701,2015-08,0.148462283244971,1.87711796852016,0.123076511690375
030202030701,2015-09,0.169165837050627,0.7562509352416,0.143936133738563
030202030701,2015-10,3.95733403674494,3.54185096492036,0.430620829029651
030202030701,2015-11,2.58346153500956,4.27835744030303,0.449815263478853
030202030701,2015-12,26.3996305296019,5.72999859541943,0.495423849875347
030202030701,2016-01,14.1582019655799,11.2190788967221,0.598773045656695
030202030701,2016-02,55.2784156079695,15.3648304997862,0.677361107224514
030202030701,2016-03,2.09393773593506,10.3790377531932,0.317880762562585
030202030701,2016-04,0.5083360102171,5.23502219786678,0.168452077350034
030202030701,2016-05,0.977670211247246,3.02491860644787,0.22168018333743
030202030701,2016-06,2.75396163013735,2.83956826198541,0.279471363323337
030202030701,2016-07,0.23795448013112,2.37876404111253,0.121296744926722
030202030701,2016-08,0.162304512478902,1.05059569171842,0.102510817960787
030202030701,2016-09,0.856616940444616,0.277289668291194,0.145160246161391
030202030701,2016-10,60.1103374862262,14.2072628755425,0.479469079786048
030202030701,2016-11,2.03060111956038,11.8190960104529,0.237400052273368
030202030701,2016-12,2.51638387566351,6.0408918505012,0.431200443580851
030202030701,2017-01,18.2852496563059,10.0340232500865,0.594909272570763
030202030701,2017-02,2.88147464948183,6.67020667573963,0.438905739848459
030202030701,2017-03,1.06222907587401,4.75476697015626,0.256457167553641
030202030701,2017-04,0.6320879448648,2.49920509949605,0.140232213910253
030202030701,2017-05,0.825931443814131,1.34214580497624,0.176841322478661
030202030701,2017-06,0.427076734357938,0.867574047619385,0.142002084349664
030202030701,2017-07,0.43419237049655,0.540767625298109,0.137001521362537
030202030701,2017-08,0.440191460228088,0.409984085245111,0.154321297647814
030202030701,2017-09,1.68941398875339,1.30563613185194,0.272559363971532
030202030701,2017-10,0.214180782986735,0.591379174240113,0.160979845632174
030202030701,2017-11,0.159032950884501,0.33050471685553,0.187812136355132
030202030701,2017-12,1.95144259781721,1.00435230040873,0.465657409575537
030202030701,2018-01,38.6427642293215,6.87313646077338,0.604535455699202
030202030701,2018-02,13.1072242469813,11.207804315918,0.523649589544493
030202030701,2018-03,7.99333977550508,9.95168891864595,0.494144893687124
030202030701,2018-04,4.98707775481689,9.56066393057576,0.394572251830916
030202030701,2018-05,3.85416836158195,8.56855464485041,0.256014192492451
030202030701,2018-06,0.277319790729806,7.91103122823511,0.195453311888398
030202030701,2018-07,0.203634506119997,4.54172086391301,0.124754864465858
030202030701,2018-08,0.620754382624909,2.3136319142742,0.191213171609164
030202030701,2018-09,0.138328260893467,1.28556100369905,0.116251528674671
030202030701,2018-10,4.80281508866956,3.65627676884807,0.438541385035241
030202030701,2018-11,18.4151500755315,8.86773767454332,0.590215382279361
030202030701,2018-12,43.3391551223315,13.7308687731254,0.660497046034158
030202030701,2019-01,16.8451965928879,14.293431471786,0.571913419446157
030202030701,2019-02,9.23731841209794,9.47060072111354,0.494812034283126
030202030701,2019-03,11.5065040922555,11.0998439145527,0.469693970237159
030202030701,2019-04,4.08981719961128,11.3745284721955,0.332131215672228
030202030701,2019-05,0.324506483505476,6.78347942733848,0.115150706973279
030202030701,2019-06,5.49274949196295,8.03570284857724,0.332389373171797
030202030701,2019-07,1.1323910843335,7.19536304956663,0.166289503326005
030202030701,2019-08,0.170431617210815,4.03716535555664,0.114395695000639
030202030701,2019-09,0.289372797631126,1.85223582842097,0.122028736227003
030202030701,2019-10,0.0881062895925811,0.871551674237875,0.160030075456195
030202030701,2019-11,0.483165183346905,0.581581325702723,0.290964923734329
030202030701,2019-12,2.29083249681148,2.16410408408197,0.476808561014078
030202030701,2020-01,1.90451818840718,4.32362053085803,0.4981539801861
030202030701,2020-02,35.879338506452,9.77626994197817,0.55787232128775
030202030701,2020-03,2.51927863186023,10.4543044327055,0.322052855643015
030202030701,2020-04,1.32004586943746,4.96206010361455,0.209576139023739
030202030701,2020-05,0.483456034569071,3.50219071214474,0.254454999290571
030202030701,2020-06,6.63764333994357,3.70731603342147,0.312366283474617
030202030701,2020-07,0.86084261833045,4.6238863438648,0.111388408339536
030202030701,2020-08,3.40772914537606,4.05846084966951,0.259497114531991
030202030701,2020-09,2.60249043815784,2.73722439675964,0.318784014721705
030202030701,2020-10,0.307144725685023,3.73070479084565,0.288229820866144
030202030701,2020-11,1.15863825278953,2.45704282916126,0.330316149809882
030202030701,2020-12,27.8074058219851,6.61849595158529,0.583989037104762
030202030701,2021-01,35.8040096858146,15.2818655441285,0.624843195749834
030202030701,2021-02,98.8602560328852,23.0208833785861,0.746784620728711
030202030701,2021-03,4.22688525361262,18.3027571049173,0.381277002840073
030202030701,2021-04,1.10200121521912,8.43766880204142,0.18249498705376
030202030701,2021-05,0.65932462079395,4.11125261943704,0.133118387233196
030202030701,2021-06,3.37384033660815,3.6432207225766,0.277383541896815
030202030701,2021-07,0.606765536699067,3.47567507686613,0.163804310834809
030202030701,2021-08,0.340521081010759,1.81464742467244,0.122567123468365
030202030702,2013-01,2.70722720053824,0.344193440180356,0.358130593836651
030202030702,2013-02,18.8501471212579,0.547978546376994,0.441896601928573
030202030702,2013-03,10.676740110701,1.06665957852579,0.450878176910543
030202030702,2013-04,3.45327500153207,0.842801778315154,0.260621396285606
030202030702,2013-05,0.960033498414485,0.566455812493431,0.182281555021853
030202030702,2013-06,3.86635520555189,0.42624114675879,0.21786779911042
030202030702,2013-07,40.5224084446844,1.19500905456841,0.418541509520212
030202030702,2013-08,0.891384974387833,1.13341521044699,0.19678873836394
030202030702,2013-09,0.0869061843817705,0.592948533507543,0.169123088967695
030202030702,2013-10,0.151988905915394,0.32018556270012,0.191643741952864
030202030702,2013-11,4.10452301676634,0.168084534209562,0.263860859777354
030202030702,2013-12,17.0555449737199,0.464483045622296,0.570748740586406
030202030702,2014-01,10.105659052634,1.15840124732792,0.708578381299383
030202030702,2014-02,14.1357757413216,7.94323230252798,0.742735829979116
030202030702,2014-03,47.3049317688685,9.03071152440027,0.641431354400024
030202030702,2014-04,4.60458778826441,2.09455334373536,0.300675525535139
030202030702,2014-05,0.807061056777092,0.993349853525979,0.175659233462504
030202030702,2014-06,0.545527134480659,0.47926104333983,0.158927527627038
030202030702,2014-07,28.5158027853129,0.623633731754292,0.448546136637181
030202030702,2014-08,1.96034019822883,0.956100702527912,0.197204842272802
030202030702,2014-09,4.36946540143973,0.578182633609994,0.242871797289816
030202030702,2014-10,0.282169231195241,0.406116427822505,0.187308425620833
030202030702,2014-11,6.47307300582739,0.234837734911827,0.269159991790351
030202030702,2014-12,10.1703875079783,0.443565835313264,0.442463368593294
030202030702,2015-01,23.6897993475271,5.77842473031898,0.70503899810337
030202030702,2015-02,35.3087609522162,7.39747157283902,0.768251524488965
030202030702,2015-03,22.1909859552003,7.94034822933774,0.60414192106011
030202030702,2015-04,26.8225737320527,1.96340907057719,0.428421226669055
030202030702,2015-05,24.6018205666235,2.36463172806896,0.400610165671305
030202030702,2015-06,1.44229390338596,1.68938174371498,0.198907860569249
030202030702,2015-07,7.8280481080852,1.06653927980378,0.274705668039725
030202030702,2015-08,0.919974512240575,0.728882766178092,0.189998066376243
030202030702,2015-09,1.152958685366,0.387974089624229,0.203383238950021
030202030702,2015-10,16.891141362861,0.75685912673244,0.394527147476767
030202030702,2015-11,1.86518976251259,0.700373683710041,0.294899568793762
030202030702,2015-12,3.17539168263719,0.540555350019113,0.254703469160232
030202030702,2016-01,8.10733804440547,0.694542783281582,0.422455726447689
030202030702,2016-02,29.9147171929032,8.16493924059273,0.730396735639111
030202030702,2016-03,11.5491957227573,2.92754905919334,0.413504395960845
030202030702,2016-04,1.33079096890227,1.06072189703499,0.200964451403148
030202030702,2016-05,2.17211739490929,0.632064609567052,0.213703819663582
030202030702,2016-06,1.0913793748182,0.335358622221429,0.176566342780024
030202030702,2016-07,0.656696959073301,0.13356380912199,0.144894095376166
030202030702,2016-08,0.63311891031901,0.017623682209048,0.148097592646358
030202030702,2016-09,2.26529654313255,0.0101903189794019,0.190505861037703
030202030702,2016-10,90.8133812297544,5.76341671298146,0.558909784075963
030202030702,2016-11,2.31858609735703,1.9870547044239,0.286820376284252
030202030702,2016-12,2.98344023758171,0.950269028402812,0.360369355225347
030202030702,2017-01,15.0526361837964,1.03770787201254,0.494578869329742
030202030702,2017-02,4.35233892917636,0.876544733713302,0.355577273431174
030202030702,2017-03,1.90949405441987,0.682731164545669,0.26310072575769
030202030702,2017-04,0.776551853670928,0.397089579011888,0.204324343711565
030202030702,2017-05,1.89810475083307,0.193833724989313,0.210120370417343
030202030702,2017-06,1.17966614585546,0.0726215369386754,0.204877848933293
030202030702,2017-07,1.29478927313877,0.0102635847780185,0.184763167961266
030202030702,2017-08,2.84618267419002,0.055968481252211,0.222297304566296
030202030702,2017-09,1.3625101200528,0.0711450681717947,0.198864882140855
030202030702,2017-10,0.574561966448492,0.0169885907363243,0.189947528942936
030202030702,2017-11,0.323751381800959,0.0090464675834207,0.22088741176298
030202030702,2017-12,6.70707849158403,0.108870376482596,0.389988546066078
030202030702,2018-01,23.227342693374,0.913863730629877,0.547244346464572
030202030702,2018-02,21.9425082149141,9.11999824172749,0.691771499820861
030202030702,2018-03,23.0995904814401,2.84511155787145,0.552305457169705
030202030702,2018-04,10.8063707596573,1.64951821054241,0.340428338290749
030202030702,2018-05,9.09089094962489,1.24712194581367,0.244046866929581
030202030702,2018-06,0.574815437888951,0.927232378930293,0.179165739967927
030202030702,2018-07,1.26405696117914,0.500547193561719,0.181923392459271
030202030702,2018-08,11.1353808839293,0.366805627059041,0.258955873329754
030202030702,2018-09,1.34879629826815,0.406179933576114,0.19707706957071
030202030702,2018-10,9.74049659166148,0.405150828440018,0.324156772207359
030202030702,2018-11,9.88144135485268,0.628459006274762,0.427211719336103
030202030702,2018-12,31.7308714481197,4.83718354758354,0.680526852271766
030202030702,2019-01,12.3017897297336,6.40027651744359,0.740408958206183
030202030702,2019-02,14.679712139667,2.38785866286751,0.651146754523021
030202030702,2019-03,16.7841222787356,2.45501515358703,0.606144264878441
030202030702,2019-04,11.8293595839208,1.6553327010178,0.310156257945052
030202030702,2019-05,0.578761129231373,1.07319314109372,0.158034317488105
030202030702,2019-06,10.5250504638618,0.807011476326169,0.259489267669407
030202030702,2019-07,13.2020299513301,0.887671245238194,0.256826514715383
030202030702,2019-08,1.79456913272231,0.687997977073852,0.198536282957886
030202030702,2019-09,6.62397461661393,0.460380653805928,0.237262939298469
030202030702,2019-10,0.522092382976148,0.314989694084964,0.204109862962165
030202030702,2019-11,2.02503438623697,0.205793092146123,0.300219572317589
030202030702,2019-12,7.52284260717301,0.319462781351792,0.402077273819015
030202030702,2020-01,1.18633593687696,0.390359215516521,0.30171843931102
030202030702,2020-02,23.9452953548953,0.765282614624369,0.470714608889355
030202030702,2020-03,4.54336292236268,1.21544325800397,0.301540926321462
030202030702,2020-04,19.7533562790973,0.740070329694811,0.275293319247516
030202030702,2020-05,1.85775006461404,1.04504145288752,0.263283602587526
030202030702,2020-06,6.69558729946771,0.878647897362097,0.25332114498658
030202030702,2020-07,0.632430294619461,0.758426747669395,0.166356215937066
030202030702,2020-08,25.40805323317,0.935682236757331,0.289445473095433
030202030702,2020-09,5.28540342096152,0.758601709799742,0.268980322444247
030202030702,2020-10,0.279277898494546,0.609869808309517,0.229831712598605
030202030702,2020-11,1.17444132140695,0.368319085895409,0.257120846733055
030202030702,2020-12,9.94607000057086,0.37206430281238,0.393941758845525
030202030702,2021-01,21.3231720511823,1.11361604878841,0.642468786138118
030202030702,2021-02,154.837724820932,33.0325199835006,0.867999378745306
030202030702,2021-03,11.4270878839547,13.4465337510181,0.511976361962521
030202030702,2021-04,2.29042038010261,2.42393260837354,0.213259371116339
030202030702,2021-05,0.846207228438464,1.13233789477439,0.179108618001965
030202030702,2021-06,2.47112861475905,0.641428217957991,0.210515792386261
030202030702,2021-07,1.09131382693751,0.36376553831376,0.18673572048922
030202030702,2021-08,0.704708336256913,0.138500843252181,0.176378737751955
030202030703,2013-01,11.780625214086,3.72563446538264,0.554525364626925
030202030703,2013-02,40.5469814016161,3.80117647124327,0.570352920442045
030202030703,2013-03,16.0312512777581,2.98574170462137,0.548152100644011
030202030703,2013-04,13.3880364346033,0.554481178737161,0.460616088834301
030202030703,2013-05,12.1021840760323,0.383990663099278,0.384611766878448
030202030703,2013-06,22.2298445380783,0.39413981200159,0.355659923624333
030202030703,2013-07,83.2471244922569,2.65771005689006,0.527147305403082
030202030703,2013-08,10.9587082503307,0.746341112931888,0.326318748492925
030202030703,2013-09,0.351850448755634,0.363000552612686,0.178405044610058
030202030703,2013-10,0.237945292497745,0.170531482903637,0.183878104047424
030202030703,2013-11,5.29664645247749,0.0972258530341352,0.241120149881625
030202030703,2013-12,20.4431059654719,0.763936802950522,0.532417182019975
030202030703,2014-01,24.3719686693937,4.49048967777226,0.625107456823214
030202030703,2014-02,33.0183332273752,6.14194943678987,0.629500448250987
030202030703,2014-03,46.5708816810729,4.19949839973594,0.592172111970194
030202030703,2014-04,13.1039795571164,1.29901471319962,0.43856604222819
030202030703,2014-05,1.20633319975551,0.456125211467171,0.237089534795097
030202030703,2014-06,0.858239275889887,0.195730615337873,0.162788362011965
030202030703,2014-07,33.379518369702,0.382516408517391,0.442648519995341
030202030703,2014-08,6.34416927594027,0.512202556099346,0.360063107008348
030202030703,2014-09,9.80790393612906,0.325564734006057,0.306951687958136
030202030703,2014-10,1.35880633115502,0.25500694803518,0.246425589674714
030202030703,2014-11,6.83633445670312,0.131758282889521,0.273372923645429
030202030703,2014-12,10.702184045874,0.203333784268142,0.465777376791766
030202030703,2015-01,57.632311770502,4.72472421267287,0.655279619358883
030202030703,2015-02,44.2996811270934,5.07728000965306,0.648866189053784
030202030703,2015-03,13.7414330742447,4.05648863222024,0.586510850455267
030202030703,2015-04,54.4452649215063,3.29474093755517,0.523792837866937
030202030703,2015-05,52.6451050251881,2.48243900067548,0.462590490723284
030202030703,2015-06,2.21652831086188,0.702843681992346,0.209927864591376
030202030703,2015-07,14.6485092076821,0.430753568133337,0.287488411954382
030202030703,2015-08,1.2362517075657,0.325107495516339,0.201078933472037
030202030703,2015-09,2.18156912774559,0.160315422144911,0.203458523474487
030202030703,2015-10,20.7434501522847,0.44409483903905,0.52847341761142
030202030703,2015-11,19.1865473227303,2.34790015887524,0.535525534887859
030202030703,2015-12,37.1936607948015,3.32285054081481,0.53916521234548
030202030703,2016-01,21.9282027659668,5.42634429400505,0.585934515205374
030202030703,2016-02,56.6927179126451,6.77206227739835,0.655035561774373
030202030703,2016-03,13.6153020894388,1.44927276772144,0.507936689573163
030202030703,2016-04,7.87845084021453,0.464641656932491,0.390469200486016
030202030703,2016-05,14.4424881781247,0.40323835879901,0.337289782721626
030202030703,2016-06,1.49104652846756,0.260321773856489,0.19603513162485
030202030703,2016-07,1.55764256676743,0.122984591657501,0.171657856122639
030202030703,2016-08,1.25614575041676,0.0505502529954678,0.171565698939349
030202030703,2016-09,9.24184863546183,0.0618244356732133,0.263542947501253
030202030703,2016-10,105.933137539128,3.38147020291099,0.564120171222373
030202030703,2016-11,5.14390499014773,1.17405904498091,0.461258540303785
030202030703,2016-12,12.2263703176926,1.86572314804058,0.562489320855051
030202030703,2017-01,41.8089450061971,3.88524168599255,0.599147488211856
030202030703,2017-02,9.37725583514227,1.5021643426236,0.534667790363293
030202030703,2017-03,10.4732135198439,0.533239906789651,0.478698033612951
030202030703,2017-04,7.56056115916295,0.279317921163977,0.355118027399104
030202030703,2017-05,23.3104843973499,0.34484865590253,0.331856282135461
030202030703,2017-06,9.55290435799239,0.352425498216072,0.269386654388976
030202030703,2017-07,5.81402222122641,0.313661388979263,0.219619493517613
030202030703,2017-08,10.8619351255908,0.232254536431021,0.279010874722341
030202030703,2017-09,5.53371870829931,0.224961308201105,0.247872126936512
030202030703,2017-10,0.670071041866501,0.118254527788922,0.195216784588936
030202030703,2017-11,1.50948035395902,0.0672795614109034,0.278719044470963
030202030703,2017-12,10.7318793875704,0.111653107566854,0.437184110110435
030202030703,2018-01,54.6189756805466,2.79828843140316,0.588140820930599
030202030703,2018-02,31.7087724842009,5.2118865187048,0.606054213968646
030202030703,2018-03,28.6905357894381,4.68016984001333,0.587725335250753
030202030703,2018-04,22.1364686019713,3.10517960892413,0.501739283285694
030202030703,2018-05,30.1905515155673,1.79470471187598,0.403864299918968
030202030703,2018-06,6.83397724597053,1.77733339455162,0.338386801588538
030202030703,2018-07,4.52828707734607,0.367545542268744,0.189521147764533
030202030703,2018-08,14.2851043846289,0.270718496432253,0.288225562166614
030202030703,2018-09,7.08640346944748,0.280951534050264,0.2466760716666
030202030703,2018-10,10.8194052670674,0.275799498099651,0.345303247774816
030202030703,2018-11,14.524687757003,0.862465060225733,0.524554988462754
030202030703,2018-12,77.700054998025,6.43474607488206,0.646625190843289
030202030703,2019-01,21.6051394944664,4.56726128530715,0.635755546657484
030202030703,2019-02,15.0207525516641,3.00446515294462,0.589282402983105
030202030703,2019-03,22.065458326143,3.22033445164522,0.571826515909544
030202030703,2019-04,19.1989092403821,2.05307630746784,0.44363015386465
030202030703,2019-05,0.917459348325524,0.465701802263547,0.169544133035996
030202030703,2019-06,16.2632141103927,0.348838469736346,0.305575475609501
030202030703,2019-07,8.03563616960035,0.327310031169738,0.245588447537386
030202030703,2019-08,16.15639641223,0.440964812119782,0.301169144473297
030202030703,2019-09,14.1008390431334,0.433263005186047,0.284485858121117
030202030703,2019-10,0.831440104978051,0.264824510894295,0.231597819253591
030202030703,2019-11,6.3650222677612,0.154328254977437,0.349566767369893
030202030703,2019-12,9.25467393806144,0.207364579680055,0.487846738947752
030202030703,2020-01,6.41000675728785,0.559800695078514,0.518578741466098
030202030703,2020-02,52.3803233974622,3.9853686581884,0.579408646250223
030202030703,2020-03,9.59146409976233,2.527465785442,0.462620256559546
030202030703,2020-04,24.1848883757938,0.466346304349428,0.37371887922936
030202030703,2020-05,15.4862412964428,0.52615366502689,0.411460731668023
030202030703,2020-06,14.0353847048687,0.51564847100823,0.406963322385754
030202030703,2020-07,13.9309384446134,0.457745176803135,0.282341357862975
030202030703,2020-08,43.3817022098027,1.66321653500086,0.420662882424931
030202030703,2020-09,15.2443397533657,0.516716131144791,0.334894109227832
030202030703,2020-10,2.72855670798054,0.401069406354151,0.368534783573304
030202030703,2020-11,6.56810298770441,0.237571472562437,0.325124216993224
030202030703,2020-12,12.18757943605,0.564241058379365,0.486441049004088
030202030703,2021-01,51.7518389790758,5.40933165807878,0.630370505408966
030202030703,2021-02,135.472815109897,15.5312764840841,0.734145570315269
030202030703,2021-03,9.96827527788751,5.5021113136485,0.540248630211364
030202030703,2021-04,6.20563796009311,0.819397159268292,0.35567191130617
030202030703,2021-05,2.52436104029142,0.36501836847185,0.217740476863989
030202030703,2021-06,8.61253247611147,0.217427177926176,0.261196122989303
030202030703,2021-07,5.84253977369786,0.194491497145627,0.238601077046028
030202030703,2021-08,0.982775482690856,0.131744413556538,0.19579285279432
030202030705,2013-01,0.687893622430149,0.363546462624358,0.113298868286757
030202030705,2013-02,3.55205076333324,1.36668092429225,0.117380531781257
030202030705,2013-03,1.27802972862227,0.619849497558397,0.0925095808766353
030202030705,2013-04,1.30177920711026,0.071627507898358,0.0771746627846483
030202030705,2013-05,1.08246529294788,0.0698154662063467,0.0681168593224123
030202030705,2013-06,1.57454569665775,0.0335598141855981,0.048828900115547
030202030705,2013-07,20.2764056180944,2.49638269209841,0.129806021607992
030202030705,2013-08,0.919215144733956,0.251037996124431,0.0578955882007475
030202030705,2013-09,0.181475240428878,0.0335808700960483,0.0251485019473162
030202030705,2013-10,0.153977633464495,0.0064145656435369,0.0348004013414423
030202030705,2013-11,0.806557653622718,0.326588493224674,0.0793549788880617
030202030705,2013-12,1.42936974194447,0.755959475084411,0.185183310943761
030202030705,2014-01,1.63188040983341,0.512650301554803,0.113525025861562
030202030705,2014-02,1.6677677736879,0.697371224552749,0.12151220093163
030202030705,2014-03,6.77469960534489,1.4397989910959,0.120070807401958
030202030705,2014-04,1.58663344455148,0.289574525189949,0.0800936116072976
030202030705,2014-05,0.303730544138824,0.0385811907080478,0.0248258767037292
030202030705,2014-06,0.179527925493218,0.0063931684080036,0.0349126708090543
030202030705,2014-07,9.33843069665608,1.44013492388564,0.0908649931852931
030202030705,2014-08,1.1923870397326,0.300283382853017,0.0384986681323887
030202030705,2014-09,0.507433755250159,0.0379832525614995,0.067607664833482
030202030705,2014-10,0.149034478247373,0.0076179571217638,0.024707421469943
030202030705,2014-11,0.562061815423801,0.0029062145768407,0.0836946715880826
030202030705,2014-12,0.759965487463063,0.0034385824731604,0.124384659315407
030202030705,2015-01,2.90160858248095,0.40220220466591,0.22144280486131
030202030705,2015-02,2.68485371733793,0.703617779313045,0.176118299243092
030202030705,2015-03,0.987081273282443,1.09239100193524,0.112592399865475
030202030705,2015-04,2.63571318065105,0.242947212362418,0.0705066304239882
030202030705,2015-05,8.41744827390538,1.36021251667284,0.0525048007797209
030202030705,2015-06,1.34224959308461,0.276188807988727,0.0309106241490008
030202030705,2015-07,13.7643766325129,1.05198248930649,0.117125001797035
030202030705,2015-08,0.97607872065759,0.330241478842368,0.0483493004957414
030202030705,2015-09,0.412211267176773,0.0418147851959333,0.067615463549825
030202030705,2015-10,16.60625938356,2.26168583147851,0.17397819617515
030202030705,2015-11,1.39389877075009,0.23354156776075,0.116364824044354
030202030705,2015-12,2.57066296808103,0.152696996363447,0.140612404420994
030202030705,2016-01,1.56013010425089,0.546048701088846,0.1850670707953
030202030705,2016-02,11.3475321917638,2.83854838291541,0.217432558453877
030202030705,2016-03,1.52689136546656,0.435974663877684,0.0876376789792798
030202030705,2016-04,1.00963401068615,0.0482024524874405,0.0708308715924062
030202030705,2016-05,1.48514307117463,0.0166990877934787,0.0754150176993693
030202030705,2016-06,0.608866679597495,0.0103716147575956,0.0459446884908176
030202030705,2016-07,0.241832879771556,0.0074861555327927,0.0380647116476195
030202030705,2016-08,0.178015153021242,0.0050059649448527,0.0254704217359023
030202030705,2016-09,0.851025346470804,0.0026821842300746,0.0528985837674255
030202030705,2016-10,73.2745887648245,6.02853215697448,0.198668164959427
030202030705,2016-11,3.32820250918559,3.22832825521449,0.0971186263180301
030202030705,2016-12,2.44862366778953,1.38326559419965,0.138831692401793
030202030705,2017-01,3.35694277108927,1.0845591751837,0.156825307903454
030202030705,2017-02,1.22841787582543,0.48192675372456,0.102089354575144
030202030705,2017-03,1.52204352284131,0.236838014451348,0.0926854761327175
030202030705,2017-04,1.14700453395763,0.12690119347679,0.0600635805322933
030202030705,2017-05,1.85805570313806,0.082268731240668,0.0631418063790326
030202030705,2017-06,0.654407599949101,0.0637553726111295,0.0380363747485106
030202030705,2017-07,0.636667424657879,0.0633133568996508,0.0429491405060352
030202030705,2017-08,1.19762445090709,0.0078565937768035,0.0390361196806198
030202030705,2017-09,0.490443761607332,0.0058244082119795,0.0409114771534083
030202030705,2017-10,0.271525117507702,0.0039897869617864,0.0333867694588916
030202030705,2017-11,0.384559596552997,0.0027089307515063,0.0821833457706911
030202030705,2017-12,1.13246330825851,0.0038138990345383,0.175660316590518
030202030705,2018-01,4.93960119584806,0.336713872532775,0.185478522502599
030202030705,2018-02,3.26718983002927,1.30397700623024,0.126940105880681
030202030705,2018-03,2.50058764002225,1.03245118551257,0.150137084452435
030202030705,2018-04,1.48743813568334,0.218519544356603,0.0968569633996812
030202030705,2018-05,2.31712318594129,0.0312666744133421,0.0456747387460049
030202030705,2018-06,0.709947534663866,0.0197504836962231,0.0319487848441362
030202030705,2018-07,0.627585649734269,0.0103320243554052,0.0354475991249403
030202030705,2018-08,1.06630028457201,0.0083923369021371,0.0465745950639157
030202030705,2018-09,0.344437056584177,0.0081642379876585,0.0479712952587691
030202030705,2018-10,0.719280382697301,0.0060043637066066,0.0681927288287408
030202030705,2018-11,1.12300981600359,0.0100274886831861,0.127380076975175
030202030705,2018-12,5.60679463336516,1.44428197492112,0.206905559592003
030202030705,2019-01,1.92005715495894,0.713769548818079,0.136362429731296
030202030705,2019-02,1.15160341860312,0.271271526404995,0.0930472870643637
030202030705,2019-03,1.77068502849015,0.29143665047961,0.103462040692276
030202030705,2019-04,1.39001218106795,0.248814628882909,0.0866816678104479
030202030705,2019-05,0.260427028849146,0.0295515699944647,0.0206924568837573
030202030705,2019-06,3.23684788796849,1.02984818119485,0.0727588255534079
030202030705,2019-07,1.84603641857259,0.186023453457522,0.0520418177547041
030202030705,2019-08,3.76945133129266,1.15056142834726,0.0488767257238661
030202030705,2019-09,11.4927913880694,1.29409372039757,0.0839052179489015
030202030705,2019-10,0.740572744212082,0.206265519167221,0.0673718662877989
030202030705,2019-11,0.841253375338762,0.030013181024535,0.145118164605852
030202030705,2019-12,0.717951140554059,0.0069037791965916,0.129361269218967
030202030705,2020-01,0.480186013309489,0.0073476782212178,0.108181924365878
030202030705,2020-02,7.57802131501033,1.40214892873937,0.147416272489351
030202030705,2020-03,1.12786474311061,0.567215712080286,0.0667622232525928
030202030705,2020-04,2.02222558841512,0.059692416697402,0.0736955822482004
030202030705,2020-05,1.03391378968562,0.0148115343023696,0.0563113130340605
030202030705,2020-06,0.56076227604608,0.0101077678198308,0.0449823205086824
030202030705,2020-07,0.337029071015974,0.0087164950283039,0.0422218653328912
030202030705,2020-08,32.4138664005188,1.43242724635378,0.059660957850729
030202030705,2020-09,1.70427359637195,0.256443643751658,0.0743451018563123
030202030705,2020-10,0.366489765201748,0.0395356420708001,0.0665466181817514
030202030705,2020-11,0.514645382798007,0.0072873666723935,0.0507203661362592
030202030705,2020-12,1.05875833159977,0.0079851106632098,0.130816886004166
030202030705,2021-01,2.2105087562153,0.502430941029191,0.161126034720835
030202030705,2021-02,27.8837998802935,5.41079852376099,0.312678708496076
030202030705,2021-03,2.16303277306721,2.99223840487244,0.103492834583245
030202030705,2021-04,0.753494072087195,0.310728062394082,0.0561678813952476
030202030705,2021-05,0.411004554378919,0.0393912308167052,0.0442521108752538
030202030705,2021-06,1.94067710331665,0.0080914951794621,0.053720999724838
030202030705,2021-07,0.770259042781808,0.0098700631248137,0.0486746643809117
030202030705,2021-08,0.215344872559755,0.0075236006260211,0.0328508609939522
